Title,Author,Average Rating,Rating,Year Published,Edition
Trigger Warning: Short Fictions and Disturbances,Neil Gaiman,3.92,"61,194",2015,23
Smoke and Mirrors: Short Fiction and Illusions,Neil Gaiman,4.02,"71,895",1998,99
What She Left Behind: A Haunting and Heartbreaking Story of 1920s Historical Fiction,Ellen Marie Wiseman,3.99,"57,408",2015,54
Fragile Things: Short Fictions and Wonders,Neil Gaiman,3.96,"69,823",2006,44
Collected Fictions,Jorge Luis Borges,4.57,"23,960",1998,63
Better Than Fiction,Alexa  Martin,3.42,"10,768",2022,8
True Fiction (Ian Ludlow Thrillers #1),Lee Goldberg,3.99,"17,267",2018,8
The Red Badge of Courage and Selected Short Fiction,Stephen Crane,3.66,"28,012",1895,10
Paperbacks from Hell: The Twisted History of '70s and '80s Horror Fiction,Grady Hendrix,4.27,"10,012",2017,10
Non-Fiction,Chuck Palahniuk,3.57,"22,584",2004,7
Heart of Darkness and Selected Short Fiction,Joseph Conrad,3.77,"23,417",1899,17
Swami and Friends,R.K. Narayan,4.22,"13,134",1935,70
The Complete Fiction,H.P. Lovecraft,4.33,"14,038",2008,22
The Fiction Writer,Jillian Cantor,3.22,"2,303",2023,2
Ethan Frome and Other Short Fiction,Edith Wharton,3.67,"15,166",1911,14
Octavia's Brood: Science Fiction Stories from Social Justice Movements,Adrienne Maree Brown,3.94,"4,022",2015,6
Self-Editing for Fiction Writers: How to Edit Yourself Into Print,Renni Browne,4.24,"6,731",1993,19
The Neil Gaiman Reader: Selected Fiction,Neil Gaiman,4.48,"1,839",2020,19
"The Fiction Between Us (Honeywood, #2)",Julie Olivia,3.86,"4,198",2022,5
"Monster, She Wrote: The Women Who Pioneered Horror and Speculative Fiction",Lisa Kröger,4.06,"3,955",2019,9
"The Science Fiction Hall of Fame, Volume One, 1929-1964",Robert Silverberg,4.32,"6,172",1970,27
The Art of Fiction: Notes on Craft for Young Writers,John Gardner,3.99,"6,021",1984,27
How Fiction Works,James  Wood,4.00,"7,401",2008,54
Invisible Planets: Contemporary Chinese Science Fiction in Translation,Ken Liu,4.04,"4,816",2016,17
The Diviners,Margaret Laurence,4.18,"7,683",1974,56
Wonderbook: The Illustrated Guide to Creating Imaginative Fiction,Jeff VanderMeer,4.34,"3,898",2013,14
Craft in the Real World: Rethinking Fiction Writing and Workshopping,Matthew Salesses,4.48,"2,060",2021,8
Look at the Birdie: Unpublished Short Fiction,Kurt Vonnegut Jr.,3.97,"7,906",2009,43
Surviving The Forest,Adiva Geffen,4.25,"4,699",0,8
While Mortals Sleep: Unpublished Short Fiction,Kurt Vonnegut Jr.,3.83,"6,616",2011,11
A People's Future of the United States: Speculative Fiction from 25 Extraordinary Writers,Victor LaValle,3.79,"2,658",2019,1
Seven Stones to Stand or Fall: A Collection of Outlander Fiction,Diana Gabaldon,4.27,"15,759",2017,2
The Point of Light (Historical Fiction #1),John Ellsworth,4.20,"2,621",2019,4
Paperback Crush: The Totally Radical History of '80s and '90s Teen Fiction,Gabrielle Moss,3.76,"3,843",2018,8
Fools Crow,James Welch,4.03,"4,852",1986,39
Fan Fiction,Brent Spiner,3.52,"3,437",2021,1
My Pen is the Wing of a Bird: New Fiction by Afghan Women,Lyse Doucet,4.28,"1,353",0,7
A Blink of the Screen: Collected Shorter Fiction,Terry Pratchett,4.04,"6,305",2012,27
The art of fiction,Walter Besant,3.66,"1,112",1884,60
Dark Matter: A Century of Speculative Fiction from the African Diaspora,Sheree Renée Thomas,4.16,"1,378",2000,11
A Slip of the Keyboard: Collected Non-Fiction,Terry Pratchett,4.24,"5,701",2014,28
A Different Pond (Fiction Picture Books),Bao Phi,4.28,"5,283",2017,10
How to Write Science Fiction & Fantasy,Orson Scott Card,3.91,"4,741",1990,5
Africa Risen: A New Era of Speculative Fiction,Sheree Renée Thomas,3.80,789,2022,9
Writing the Breakout Novel: Insider Advice for Taking Your Fiction to the Next Level,Donald Maass,4.08,"3,980",2001,10
Pulp Fiction: A Quentin Tarantino Screenplay,Quentin Tarantino,4.21,"6,255",1994,39
Broken Stars: Contemporary Chinese Science Fiction in Translation,Ken Liu,3.85,"2,401",2019,21
Love After the End: An Anthology of Two-Spirit and Indigiqueer Speculative Fiction,Joshua Whitehead,4.19,"1,924",2019,11
Elements of Fiction Writing: Characters & Viewpoint,Orson Scott Card,4.04,"4,611",1988,25
Best Ghost Stories of Algernon Blackwood,Algernon Blackwood,4.15,"3,068",1973,15
Fat City,Leonard Gardner,4.02,"3,797",0,53
Mapping the World of Harry Potter: Science Fiction and Fantasy Writers Explore the Bestselling Series of All Time,Mercedes Lackey,4.31,"2,670",2005,5
The Emotional Craft of Fiction: How to Write the Story Beneath the Surface,Donald Maass,4.30,"2,311",2016,6
Homo Cosmicus 2: Titan: A Science Fiction Novel,Todor Bombov,4.34,647,0,1
Writing Fiction: A Guide to Narrative Craft,Janet Burroway,4.10,"3,502",1987,62
"A Convenient Fiction (Parish Orphans of Devon, #3)",Mimi Matthews,4.26,"3,327",2019,8
"Ex Machina, Vol. 3: Fact v. Fiction",Brian K. Vaughan,3.94,"5,377",2006,8
Firebirds: An Anthology of Original Fantasy and Science Fiction,Sharyn November,3.95,"3,726",2003,8
"The Science Fiction Hall of Fame: Volume II A (The Science Fiction Hall of Fame, #2A)",Ben Bova,4.32,"4,232",1973,29
The Mad Scientist's Guide to World Domination: Original Short Fiction for the Modern Evil Genius,John Joseph Adams,3.62,"1,779",2013,22
Firebirds Rising: An Anthology of Original Science Fiction and Fantasy,Sharyn November,3.92,"3,017",2005,16
"The Sons of Encouragement: Biblical Stories of Aaron, Caleb, Jonathan, Amos, and Silas",Francine Rivers,4.40,"2,240",2008,14
The Odd and the Strange: A Collection of Very Short Fiction,Harvey Havel,4.32,"1,207",0,2
Selected Non-Fictions,Jorge Luis Borges,4.44,"2,298",1999,13
"Science Fictions: The Epidemic of Fraud, Bias, Negligence and Hype in Science",Stuart Ritchie,4.38,"1,974",2020,4
New Suns: Original Speculative Fiction by People of Color,Nisi Shawl,3.85,"1,829",2019,10
The Almost Legendary Morris Sisters: A True Story of Family Fiction,Julie Klam,3.45,"1,315",2021,6
"Last Summer at the Beach House: Feel Good Beachy Women's Fiction (Diamond Beach, #1)",Maggie   Miller,4.50,"2,448",0,2
"Beginnings, Middles & Ends",Nancy Kress,3.99,"2,456",1992,24
The Art of Fiction,David Lodge,3.92,"2,878",1992,63
Shelter (Shelter Christian Fiction Trilogy Book 1),Robin Merrill,4.06,"2,347",2015,8
Where the God of Love Hangs Out: Fiction,Amy Bloom,3.55,"3,189",2009,26
The Breakthrough Effect: A Science-Fiction Thriller,Douglas E. Richards,4.27,"2,338",0,2
"The Language of the Night: Essays on Writing, Science Fiction, and Fantasy",Ursula K. Le Guin,4.50,4,0,2
"The Fire in Fiction: Passion, Purpose and Techniques to Make Your Novel Great",Donald Maass,4.16,"1,756",2009,7
Gold: The Final Science Fiction Collection,Isaac Asimov,3.98,"3,256",1995,31
My Daughter’s Keeper,Adiva Geffen,4.53,"1,778",0,4
Sisters of the Revolution: A Feminist Speculative Fiction Anthology,Ann VanderMeer,4.13,"1,244",2015,11
Real Life and Other Fictions,Susan Coll,3.72,18,0,2
Maps in a Mirror: The Short Fiction of Orson Scott Card,Orson Scott Card,4.01,"3,319",1990,19
The Motion of Light in Water: Sex and Science Fiction Writing in the East Village,Samuel R. Delany,4.32,"1,115",1988,28
Tomorrowland: Our Journey from Science Fiction to Science Fact,Steven Kotler,3.76,"1,387",2015,7
"The Art of War for Writers: Fiction Writing Strategies, Tactics, and Exercises",James Scott Bell,4.19,"1,597",2009,14
The Turn of the Screw and Other Short Fiction,Henry James,3.77,"3,409",1981,14
The Skeptics' Guide to the Future: What Yesterday's Science and Science Fiction Tell Us About the World of Tomorrow,Steven Novella,4.09,830,2022,13
Chasing Amanda (Mystery / Suspense) (Melissa Foster Stand-Alone Women's Fiction Novels),Melissa Foster,3.50,"3,335",2011,13
Lake of Souls: The Collected Short Fiction,Ann Leckie,4.13,104,2024,6
So Long Been Dreaming: Postcolonial Science Fiction and Fantasy,Nalo Hopkinson,4.00,802,2004,2
"Meanwhile, Elsewhere: Science Fiction and Fantasy from Transgender Writers",Cat Fitzpatrick,3.98,412,2017,2
Secret Windows: Essays and Fiction on the Craft of Writing,Stephen King,4.08,"1,723",2000,13
Hooked: Write Fiction That Grabs Readers at Page One & Never Lets Them Go,Les Edgerton,4.01,"1,909",2007,6
36 Arguments for the Existence of God: A Work of Fiction,Rebecca Goldstein,3.57,"2,243",2009,24
"Meanwhile, Elsewhere: Science Fiction and Fantasy from Transgender Writers",Cat Fitzpatrick,3.98,412,2017,2
"A Place Called Freedom: A Vast, Thrilling Work of Historical Fiction",Ken Follett,4.05,"38,697",1995,148
Miniatures: The Very Short Fiction of John Scalzi,John Scalzi,3.89,"3,196",2016,6
"Stranger Than Fan Fiction (Unlucky in Love, #1)",Piper Sheldon,4.05,"1,132",2022,3
The Language of the Night: Essays on Fantasy and Science Fiction,Ursula K. Le Guin,4.24,"1,359",1979,29
Where We Belong:,Lynn Austin,4.24,"2,782",2017,15
Political Fictions,Joan Didion,3.85,"1,411",2001,17
"Shifting Sands at the Beach House: Feel Good Beachy Women's Fiction (Diamond Beach, #2)",Maggie   Miller,4.53,"2,173",0,2
"Alone With the Horrors: The Great Short Fiction, 1961-1991",Ramsey Campbell,3.95,"1,398",1993,2
Political Fictions,Joan Didion,3.85,"1,411",2001,17
How to Live Safely in a Science Fictional Universe,Charles Yu,3.45,"18,435",2010,42
The Real Story of Ah-Q and Other Tales of China: The Complete Fiction of Lu Xun,Lu Xun,3.92,"1,104",2009,15
"New Day at the Beach House: Feel Good Beachy Women's Fiction (Diamond Beach, #3)",Maggie   Miller,4.53,"1,974",0,2
Master of Middle-Earth: The Fiction of J.R.R. Tolkien,Paul H. Kocher,3.77,"3,145",1972,24
The Big Book of Science Fiction,Ann VanderMeer,4.17,745,2016,8
Walking the Clouds: An Anthology of Indigenous Science Fiction,Grace L. Dillon,3.82,448,2012,6
Complete Shorter Fiction,Oscar Wilde,4.11,"3,568",1894,51
The Big Book of Science Fiction,Ann VanderMeer,4.17,745,2016,8
Writing Fiction for Dummies,Randy Ingermanson,4.10,"1,608",2009,17
Complete Shorter Fiction,Oscar Wilde,4.11,"3,568",1894,51
Threads of Silk: A Historical Chinese Fiction Novel,Amanda   Roberts,4.15,"2,292",2016,7
You Bright and Risen Angels,William T. Vollmann,4.05,"1,024",1987,17
The Original Shades of Gray: Clean romantic Civil War historical fiction: An Epic Civil War Love Story,Jessica           James,3.94,"1,951",2008,7
The Rhetoric of Fiction,Wayne C. Booth,4.01,"1,240",1961,36
Masterpieces: The Best Science Fiction of the Twentieth Century,Orson Scott Card,4.21,"1,974",2001,18
"Marta's Legacy Gift Collection: Complete 2-Book Set (Her Mother’s Hope, Her Daughter’s Dream) A Gripping Historical Christian Fiction Family Saga from the 1900s to the 1950s",Francine Rivers,4.54,"1,979",2010,10
The Man with Eight Pairs of Legs,Leslie Kirk Campbell,4.31,55,2022,2
"Marta's Legacy Gift Collection: Complete 2-Book Set (Her Mother’s Hope, Her Daughter’s Dream) A Gripping Historical Christian Fiction Family Saga from the 1900s to the 1950s",Francine Rivers,4.54,"1,979",2010,10
"Sunsets At The Beach House: Feel Good Beachy Women's Fiction (Diamond Beach, #4)",Maggie   Miller,4.53,"1,771",0,2
"Speculative Everything: Design, Fiction, and Social Dreaming",Anthony Dunne,4.13,853,2013,8
"Lady Susan, the Watsons, and Sanditon: Unfinished Fictions and Other Writings",Jane Austen,3.75,"12,114",1817,102
What If?: Writing Exercises for Fiction Writers,Anne Bernays,3.90,"1,819",1990,18
"You Are Not So Smart: Why You Have Too Many Friends on Facebook, Why Your Memory Is Mostly Fiction, and 46 Other Ways You're Deluding Yourself",David McRaney,3.86,"34,893",2011,37
No Trivial Pursuit,John Ellsworth,4.21,"1,162",0,4
East Is East,T. Coraghessan Boyle,3.66,"2,659",1990,40
Millennium,John Varley,3.77,"2,782",1983,38
"What Eyes Can't See: A spicy contemporary fiction novel of love, social justice, and belonging",Paulette Stout,4.40,57,0,2
"What Eyes Can't See: A spicy contemporary fiction novel of love, social justice, and belonging",Paulette Stout,4.40,57,0,2
Millennium,John Varley,3.77,"2,782",1983,38
Harem: Historical adventure and intrigue in Ottoman Turkey,Colin Falconer,3.99,"5,311",1992,51
Writing Fiction: The Practical Guide from New York's Acclaimed Creative Writing School,Alexander Steele,4.20,"2,088",2003,16
"A Lineage of Grace: Biblical Stories of 5 Women in the Lineage of Jesus - Tamar, Rahab, Ruth, Bathsheba, & Mary",Francine Rivers,4.47,"16,213",2001,7
Long Hidden: Speculative Fiction from the Margins of History,Asher Rose Fox,4.04,432,2014,2
The Philip K. Dick MEGAPACK ®: 15 Classic Science Fiction Stories,Philip K. Dick,4.12,"1,942",2013,4
Fact or Fiction (Sam Prichard #13; Sam and Indie #2),David Archer,4.43,991,0,2
All She Ever Wanted:,Lynn Austin,4.23,"5,824",2005,31
Nordic Visions: The Best of Nordic Speculative Fiction,Margrét Helgadóttir,3.67,132,2023,2
Pacific Blood: A WWII Military Fiction Novel (Decker's Marine Raiders Series Book 1),Scott Cook,4.24,"1,896",0,2
Fables and Spells: Collected and New Short Fiction and Poetry,Adrienne Maree Brown,4.38,160,2022,2
Burning Down the House: Essays on Fiction,Charles Baxter,4.13,"1,430",1997,9
Talking About Detective Fiction,P.D. James,3.76,"2,171",2009,50
"The Complete Fiction of Nella Larsen: Passing, Quicksand, and The Stories",Nella Larsen,4.16,"1,500",1928,24
Well-Read Women: Portraits of Fiction's Most Beloved Heroines,Samantha Hahn,4.21,"1,089",2013,4
Low Key Fallin' For A Savage 2: African American Urban Fiction,J. Dominique,4.67,813,0,2
Unrestricted Access: New and Classic Short Fiction,James Rollins,4.19,992,2020,1
Safe as Houses,Marie-Helene Bertino,4.17,517,2012,3
The Spirit of Science Fiction,Roberto Bolaño,3.46,"2,697",2016,41
Low Key Fallin' For A Savage 2: African American Urban Fiction,J. Dominique,4.67,813,0,2
Write Away: One Novelist's Approach to Fiction and the Writing Life,Elizabeth  George,3.97,"1,425",2004,34
From Where You Dream: The Process of Writing Fiction,Robert Olen Butler,3.94,"1,465",2005,8
"Blue Skies at the Beach House: Feel Good Beachy Women's Fiction (Diamond Beach, #5))",Maggie   Miller,4.60,"1,498",0,2
The Writing of Fiction,Edith Wharton,3.84,383,1925,31
The Best American Science Fiction and Fantasy 2015,Joe Hill,3.90,"1,250",2015,4
Murder in the Dark: Short Fictions and Prose Poems,Margaret Atwood,3.67,"1,889",1983,31
Ring Around the Sun,Clifford D. Simak,3.80,"1,947",1952,53
To Dream Of Shadows : A Gripping Holocaust Novel Inspired by a Heartbreaking True Story (World War II Historical Fiction Book 1),Steve N. Lee,4.43,849,2023,5
The Polish Nurse: A WW2 Historical Fiction Novel (World War II Brave Women Fiction Book 1),Leah Moyes,4.50,"1,316",0,3
Gateways to Abomination: Collected Short Fiction,Matthew M. Bartlett,3.92,"1,035",2014,6
Ring Around the Sun,Clifford D. Simak,3.80,"1,947",1952,53
The Angels of Morgan Hill,Donna VanLiere,4.03,"2,066",2006,25
Archaeologies of the Future: The Desire Called Utopia and Other Science Fictions,Fredric Jameson,4.04,541,2005,21
Fictions,Jorge Luis Borges,4.42,"67,862",1944,304
Thrill Me: Essays on Fiction,Benjamin Percy,4.32,"1,206",2016,4
Human Body Theater: A Non-Fiction Revue,Maris Wicks,4.41,"1,815",2015,13
The Object: Hard Science Fiction,Joshua T. Calvert,4.27,"1,584",0,2
The Future is Japanese: Science Fiction Futures and Brand New Fantasies from and about Japan,Masumi Washington,3.81,"1,026",2012,4
The Dark Room,R.K. Narayan,3.68,"1,452",1938,26
Collected Fiction,Hannu Rajaniemi,3.87,931,2015,12
"Fact, Fiction, and Folklore in Harry Potter's World: An Unofficial Guide",George Beahm,4.21,988,2005,5
What Makes This Book So Great: Re-Reading the Classics of Science Fiction & Fantasy,Jo Walton,3.88,"1,066",2014,14
Afterglow: Climate Fiction for Future Ancestors,Grist,4.01,246,0,2
"How to Write a Novel Using the Snowflake Method (Advanced Fiction Writing, #1)",Randy Ingermanson,4.24,"2,681",2014,8
The Half-White Album (Lynn and Lynda Miller Southwest Fiction Series),Cynthia J. Sylvester,4.05,19,0,5
Mundo Cruel: Stories,Luis Negrón,3.98,"1,072",2010,17
The Complete Shorter Fiction of Virginia Woolf,Virginia Woolf,4.06,"1,706",1990,38
Lap Baby: Emotional Women's Fiction,Amy Q. Barker,4.53,90,0,4
Search and Destroy: A World War 3 Techno-Thriller Action Event (Nick Ryan's World War 3 Military Fiction Technothrillers),Nick Ryan,4.40,"1,697",0,2
Lap Baby: Emotional Women's Fiction,Amy Q. Barker,4.53,90,0,4
Mundo Cruel: Stories,Luis Negrón,3.98,"1,072",2010,17
Writing 21st Century Fiction: High Impact Techniques for Exceptional Storytelling,Donald Maass,4.35,849,2012,8
Future Visions: Original Science Fiction Inspired by Microsoft,Jennifer Henshaw,3.61,"1,135",2015,3
Things Get Ugly: The Best Crime Fiction of Joe R. Lansdale,Joe R. Lansdale,4.41,139,0,4
The Plot Thickens: 8 Ways to Bring Fiction to Life,Noah Lukeman,3.84,"1,108",2002,19
Conflict and Suspense,James Scott Bell,4.26,882,2011,10
Dialogue: Techniques and Exercises for Crafting Effective Dialogue,Gloria Kempton,3.96,"1,083",2004,15
"Castles, Customs, and Kings: True Tales by English Historical Fiction Authors (Castles, Customs, and Kings #1)",Debra  Brown,3.91,248,2013,6
Macho Sluts: Erotic Fiction,Patrick Califia-Rice,4.01,751,1988,10
"The Art of Character: Creating Memorable Characters for Fiction, Film, and TV",David  Corbett,4.27,596,2013,11
"Castles, Customs, and Kings: True Tales by English Historical Fiction Authors (Castles, Customs, and Kings #1)",Debra  Brown,3.91,248,2013,6
Beyond Binary: Genderqueer and Sexually Fluid Speculative Fiction,Lee Mandelo,3.43,348,2012,3
Dialogue: Techniques and Exercises for Crafting Effective Dialogue,Gloria Kempton,3.96,"1,083",2004,15
Macho Sluts: Erotic Fiction,Patrick Califia-Rice,4.01,751,1988,10
The Making of a Story: A Norton Guide to Writing Fiction and Nonfiction,Alice LaPlante,4.23,"1,132",2009,17
A Vain and Indecent Woman (Classic Historical Fiction Book 8),Colin Falconer,4.15,888,0,3
Fiction Ruined My Family: A Memoir,Jeanne Darst,3.38,"1,292",2011,10
The Heroine's Labyrinth: Archetypal Designs in Heroine-Led Fiction,Douglas A. Burton,5.00,3,0,2
On Moral Fiction,John Gardner,3.84,801,1978,19
On Moral Fiction,John Gardner,3.84,801,1978,19
New Suns 2: Original Speculative Fiction by People of Color,Nisi Shawl,4.11,99,2023,4
Plotting and Writing Suspense Fiction,Patricia Highsmith,3.78,"1,494",1966,55
The Rediscovery of Man: The Complete Short Science Fiction of Cordwainer Smith,Cordwainer Smith,4.36,"1,174",1993,11
God: The Most Unpleasant Character in All Fiction,Dan   Barker,3.91,753,2016,8
The Name on the List,Orly Krauss-Winer,4.21,795,2021,3
The Mortal Immortal: The Complete Supernatural Short Fiction of Mary Shelley,Mary Wollstonecraft Shelley,3.73,"1,865",1831,100
"Deadly Anniversaries: A Collection of Stories from Crime Fiction's Top Authors (Mystery Writers of America Series, 1)",Marcia Muller,3.82,686,2020,10
Virtual Unrealities: The Short Fiction of Alfred Bester,Alfred Bester,3.97,"1,039",1997,8
Kaleidoscope: Diverse YA Science Fiction and Fantasy Stories,Alisa Krasnostein,3.94,555,2014,4
Essays and Fictions,Brad Phillips,4.43,879,2019,3
Low Key Fallin' For A Savage 3: An African American Women's Fiction: Finale,J. Dominique,4.74,789,0,2
"Deadly Anniversaries: A Collection of Stories from Crime Fiction's Top Authors (Mystery Writers of America Series, 1)",Marcia Muller,3.82,686,2020,10
Making Shapely Fiction,Jerome Stern,3.98,"1,136",1991,11
The Mortal Immortal: The Complete Supernatural Short Fiction of Mary Shelley,Mary Wollstonecraft Shelley,3.73,"1,865",1831,100
Enemy In Sight: A World War 3 Techno-Thriller Action Event (Nick Ryan's World War 3 Military Fiction Technothrillers),Nick Ryan,4.46,"1,387",0,2
The Secrets of Story: Innovative Tools for Perfecting Your Fiction and Captivating Readers,Matt Bird,4.42,889,2016,9
Super Short Stories: Flash Fiction,Mark C Wallfisch,3.76,17,0,2
"GMC: Goal, Motivation and Conflict: The Building Blocks of Good Fiction",Debra Dixon,4.44,"1,194",1999,4
The Strangeness of Beauty (Norton Paperback Fiction),Lydia Minatoya,3.82,697,1999,5
The Pulse Super Boxset: EMP Post Apocalyptic Fiction,Alexandria Clarke,4.20,563,0,2
The Beauty of the Husband: A Fictional Essay in 29 Tangos,Anne Carson,4.23,"6,625",2001,39
Worlds Enough & Time: Five Tales of Speculative Fiction,Dan Simmons,3.75,"1,426",2002,14
Plot Fiction like the Masters,Terry Richard Bazes,4.10,30,2015,3
The New Voices of Science Fiction,Hannu Rajaniemi,4.02,396,2019,4
Couch Fiction: A Graphic Tale of Psychotherapy,Philippa Perry,3.98,"1,362",2010,3
Courage on the Oregon Trail: Books 1 - 6 : Women's Fiction Historical Saga Box Set,A.T. Butler,4.50,270,0,1
Archangel: Fiction,Andrea Barrett,3.75,737,2013,8
"On the Origin of Stories: Evolution, Cognition, and Fiction",Brian Boyd,3.84,421,2009,10
"Sweet Romantic Fiction Editors’ Choice Christmas Collection, Vol 4",Susan Lyttek,3.86,7,0,1
Viper Mission: A World War 3 Techno-Thriller Action Event (Nick Ryan's World War 3 Military Fiction Technothrillers),Nick Ryan,4.23,"1,352",0,2
Memories Don't Lie: Fast-Paced Science Fiction Action Adventure,Pauline Yates,4.72,25,0,4
The Huguenot Chronicles: Books 1 - 3: A historical fiction trilogy,Paul C.R. Monk,4.39,725,0,1
"Sweet Romantic Fiction Editors’ Choice Christmas Collection, Vol 4",Susan Lyttek,3.86,7,0,1
The Best of Isaac Asimov,Isaac Asimov,4.26,"1,230",1973,21
"Astounding: John W. Campbell, Isaac Asimov, Robert A. Heinlein, L. Ron Hubbard, and the Golden Age of Science Fiction",Alec Nevala-Lee,4.21,"1,079",2018,10
"The Kick-Ass Writer: 1001 Ways to Write Great Fiction, Get Published, and Earn Your Audience",Chuck Wendig,4.12,901,2013,1
Future Tense Fiction: Stories of Tomorrow,Kirsten Berg,3.94,600,2016,5
"Bullies, Bastards and Bitches: How to Write the Bad Guys of Fiction",Jessica Page Morrell,3.97,673,2008,7
Pacific Guts: A WWII Military Fiction Novel (Decker's Marine Raiders Series Book 2),Scott Cook,4.48,"1,360",0,2
The Inhumans and Other Stories: A Selection of Bengali Science Fiction,Bodhisattva Chattopadhyay,3.60,10,2024,2
Breaking Ice: An Anthology of Contemporary African-American Fiction,Terry McMillan,4.21,696,1990,12
The Modern Library Writer's Workshop: A Guide to the Craft of Fiction,Stephen Koch,4.27,907,2003,12
The Secret Life of Saeed: The Pessoptimist (Interlink World Fiction Series),Emile Habiby,3.84,"2,527",1974,48
Keeper of Dreams: Short Fiction,Orson Scott Card,3.85,"1,113",2008,12
The Art of Fiction: A Guide for Writers and Readers,Ayn Rand,4.03,870,2000,19
Daughters of Earth: Feminist Science Fiction in the Twentieth Century,Justine Larbalestier,4.13,245,2006,3
The Parisian Dancer,Doron Darmon,4.41,"2,122",2021,6
"Filthy Fiction (Their Little Liar, #1)",Calista Jayne,3.70,575,0,2
Fine Dreams,Linda N. Masi,5.00,2,0,1
100 Great Science Fiction Short Short Stories,Isaac Asimov,4.04,"1,005",1978,6
More Brilliant Than the Sun: Adventures in Sonic Fiction,Kodwo Eshun,4.33,262,1998,9
The Future is Female! Women's Science Fiction Stories from the Pulp Era to the New Wave,Lisa Yaszek,4.08,605,2018,3
The Long Swim: Stories,Terese Svoboda,5.00,0,0,1
Better Than Fiction: True Travel Tales from Great Fiction Writers,Alexander McCall Smith,3.43,903,2012,9
"Spectrum: Stories of Science Fiction, Fantasy, the Unusual and the Sometimes Ordinary",Michael Duda,4.06,18,0,6
Flash Fiction America: 73 Very Short Stories,James Thomas,4.02,86,0,2
Mesaerion: The Best Science Fiction Stories 1800-1849,Andrew Barger,3.86,28,2013,3
The Best of the Best: 20 Years of the Year's Best Science Fiction,Robert Silverberg,4.15,864,2005,15
"The Science Fiction Hall of Fame: Volume II B (The Science Fiction Hall of Fame, #2B)",Ben Bova,4.27,"1,369",1973,28
Better Than Fiction: True Travel Tales from Great Fiction Writers,Alexander McCall Smith,3.43,903,2012,9
Barlowe's Guide to Extraterrestrials: Great Aliens from Science Fiction Literature,Wayne Barlowe,4.13,"1,157",1979,8
The Feather's Push: A Near-Future Speculative Fiction Thriller,Noel Zamot,4.22,9,0,2
Above the Fog: Appalachian Fiction,Karen Lynn Nolan,4.27,939,0,2
MFA vs. NYC: The Two Cultures of American Fiction,Chad Harbach,3.64,838,2014,3
In the Shadow of Agatha Christie: Classic Crime Fiction by Forgotten Female Writers: 1850-1917,Leslie S. Klinger,3.58,245,1923,5
Flash Fiction Forward: 80 Very Short Stories,Robert Shapard,3.83,"1,009",2006,5
Flatline Constructs: Gothic Materialism and Cybernetic Theory-Fiction,Mark Fisher,4.09,222,0,2
The Things They Carried,Tim O'Brien,4.14,"313,750",1990,132
Story Trumps Structure: How to Write Unforgettable Fiction by Breaking the Rules,Steven James,4.39,703,2013,4
Writing Fantasy & Science Fiction: How to Create Out-of-This-World Novels and Short Stories,Orson Scott Card,3.92,640,2010,11
Flash Fiction: 72 Very Short Stories,Tom Hazuka,3.78,"1,038",1992,8
The Fiction Class,Susan  Breen,3.39,"1,225",2008,8
Too Many Carrots (Fiction Picture Books),Katy Hudson,4.05,"1,717",2016,31
Flatline Constructs: Gothic Materialism and Cybernetic Theory-Fiction,Mark Fisher,4.09,222,0,2
Snuff Fiction,Corgi,3.80,"1,105",1999,6
Foolish Aspirations; April May Snow Novel #1: A Paranormal Women's Fiction Novel,M. Scott Swanson,4.30,802,0,5
The Fantasy Fiction Formula,Deborah Chester,4.44,795,2016,9
You Never Get It Back,Cara  Blue Adams,4.12,435,2021,2
Eden: Biblical Fiction of the World's First Family,Brennan S. McPherson,4.20,639,0,4
Rotten Bananas and the Emerald Dream,Muriel Ellis Pritchett,4.06,77,0,2
Sinopticon: A Celebration of Chinese Science Fiction,Xueting Christine Ni,4.03,469,2021,3
50 Short Science Fiction Tales,Isaac Asimov,4.04,841,1963,13
Airborne Assault: A World War 3 Techno-Thriller Action Event (Nick Ryan's World War 3 Military Fiction Technothrillers),Nick Ryan,4.41,"1,075",0,2
Nameless Cults: The Cthulhu Mythos Fiction of Robert E. Howard,Robert E. Howard,4.07,631,2001,1
The Killing Ground: A World War 3 Techno-Thriller Action Event (Nick Ryan's World War 3 Military Fiction Technothrillers),Nick Ryan,4.34,"1,131",0,2
Rejection: Fiction,Tony Tulathimutte,4.50,2,2024,1
Creating Short Fiction: The Classic Guide to Writing Short Fiction,Damon Knight,4.04,777,1981,21
Plot & Structure: Techniques and Exercises for Crafting a Plot That Grips Readers from Start to Finish,James Scott Bell,4.10,"5,815",2004,13
"Weird Women: Classic Supernatural Fiction by Groundbreaking Female Writers, 1852-1923",Lisa Morton,3.71,266,2020,11
"Sea View Cottage: Romantic Women's Fiction (Cliffside Point, 2)",Ellen Joy,4.67,724,0,3
Classic American Crime Fiction of the 1920s,Leslie S. Klinger,4.02,49,2018,4
"Weird Women: Classic Supernatural Fiction by Groundbreaking Female Writers, 1852-1923",Lisa Morton,3.71,266,2020,11
Witch Way After Forty: Paranormal Women's Fiction Romance (Silver Sisters Book 1),Jennifer L. Hart,4.39,876,0,4
Do Not Bring Your Dragon to the Library (Fiction Picture Books) (Pet Perspectives),Julie Gassman,3.84,"1,235",2016,1
Strong Verbs for Fiction Writers (Indie Author Resources Book 2),Valerie   Howard,4.13,347,0,3
"The Early Ayn Rand: A Selection from Her Unpublished Fiction (The Ayn Rand Library, Vol. 2)",Ayn Rand,3.80,"1,000",1984,20
Stream System: The Collected Short Fiction of Gerald Murnane,Gerald Murnane,4.00,275,2018,10
Is Butter a Carb?: Unpicking Fact from Fiction in the World of Nutrition,Rosie Saunt,4.18,518,0,3
"An Anthology of Graphic Fiction, Cartoons, and True Stories (Anthology of Graphic Fiction, Cartoons, & True Stories, Volume 1)",Ivan Brunetti,4.00,877,2006,5
Never Whistle at Night: An Indigenous Dark Fiction Anthology,Shane Hawk,4.04,"7,841",2023,10
The Illuminati: Facts & Fiction,Mark Dice,3.80,469,2009,5
Sour Grapes & Balmy Knight,Muriel Ellis Pritchett,4.59,37,0,4
How to Write Best Selling Fiction,Dean Koontz,4.02,214,1972,6
Fort Suicide: A World War 3 Techno-Thriller Action Event (Nick Ryan's World War 3 Military Fiction Technothrillers),Nick Ryan,4.48,"1,046",0,1
A Bridge to Wiseman's Cove,James Moloney,3.09,"1,282",1996,8
"Monkeys, Myths, and Molecules: Separating Fact from Fiction, and the Science of Everyday Life",Joe Schwarcz,3.63,282,2015,8
They Kept Running (Volume 20) (Katherine Anne Porter Prize in Short Fiction),Michelle   Ross,4.82,11,0,3
True stories: Selected non-fiction,Helen Garner,4.13,"1,153",1996,14
The Art of Time in Fiction: As Long as It Takes,Joan Silber,3.88,658,2009,1
The Mammoth Book of Extreme Science Fiction,Mike Ashley,3.87,739,2006,9
How to Write Best Selling Fiction,Dean Koontz,4.02,214,1972,6
The Woman from Tantoura: A Palestinian Novel,Radwa Ashour,4.36,"26,873",2010,23
True stories: Selected non-fiction,Helen Garner,4.13,"1,153",1996,14
The 38 Most Common Fiction Writing Mistakes,Jack M. Bickham,3.78,"1,008",1992,12
Grant Us Mercy: Installment One: Post-Apocalyptic Survival Fiction,D.C. Little,4.35,536,0,1
Manuscript Makeover: Revision Techniques No Fiction Writer Can Afford to Ignore,Elizabeth Lyon,4.17,453,2008,10
Fiction and the Figures of Life,William H. Gass,4.08,312,1979,13
The Norton Anthology of Short Fiction: Seventh Edition,Richard Bausch,4.26,748,1978,18
A Colder War,Charles Stross,4.15,"1,035",2000,6
When The Skies Cry: Heartwarming Dog Fiction,Steve N. Lee,4.50,787,0,5
High Stakes Crime: A Paranormal Women's Fiction Novel (Shelby Nichols Adventure Book 15),Colleen Helme,4.70,"1,057",2021,3
Grant Us Mercy: Installment One: Post-Apocalyptic Survival Fiction,D.C. Little,4.35,536,0,1
The Best of Gene Wolfe: A Definitive Retrospective of His Finest Short Fiction,Gene Wolfe,4.24,685,2009,9
"The Best American Science Fiction and Fantasy, 2016",Karen Joy Fowler,3.59,760,2016,3
The Fourth Science Fiction Megapack,John Gregory Betancourt,3.82,789,2012,3
"Lightspeed Magazine, Issue 49, June 2014: Women Destroy Science Fiction!",Christie Yant,4.04,786,2014,1
The Elevator (Steeple Hill Women's Fiction #46),Angela Elwell Hunt,3.80,"1,119",2007,22
Free Science Fiction Books On Kindle: Linked List of over 350 Free SciFi  Classic Stories And Early Fantasy Novels,Morris Rosenthal,3.31,366,2011,1
The First Science Fiction Megapack: 25 Modern and Classic Science Fiction Tales,Robert Silverberg,3.63,"1,219",2013,4
"Nevertheless, She Persisted: Flash Fiction Project",Diana M. Pho,3.64,773,2020,2
"The Last Sin Eater: A Novel (A Captivating Historical Christian Fiction Story of Suffering, Seeking, and Redemption Set in Appalachia in the 1850s)",Francine Rivers,4.10,"30,964",1998,51
Make It So: Interaction Design Lessons From Science Fiction,Nathan Shedroff,3.88,314,2012,5
"Bodyminds Reimagined: (Dis)ability, Race, and Gender in Black Women’s Speculative Fiction",Sami Schalk,4.62,177,2018,6
Story-Wallah: Short Fiction from South Asian Writers,Shyam Selvadurai,3.91,327,2004,7
Free Science Fiction Books On Kindle: Linked List of over 350 Free SciFi  Classic Stories And Early Fantasy Novels,Morris Rosenthal,3.31,366,2011,1
The Door: Science Fiction Mystery,Tony Harmsworth,3.79,664,2019,2
"White Flights: Race, Fiction, and the American Imagination",Jess Row,4.00,161,2019,3
The Scribner Anthology of Contemporary Short Fiction: Fifty North American Stories Since 1970,Lex Williford,4.10,"1,204",1999,16
"The Horla and Others: Guy de Maupassant's Best Weird Fiction and Ghost Stories: Tales of Mystery, Murder, Fantasy & Horror",Guy de Maupassant,3.92,"11,306",1887,204
Firebirds Soaring: An Anthology of Original Speculative Fiction,Sharyn November,3.89,616,2009,9
"Medieval Underpants and Other Blunders: A Writer's (and Editor's) Guide to Keeping Historical Fiction Free of Common Anachronisms, Errors, and Myths",Susanne Alleyn,3.94,568,2012,7
Yakima Henry: Volume Three: A Classic Western Fiction Series,Peter Brandvold,4.46,795,0,1
Make It So: Interaction Design Lessons From Science Fiction,Nathan Shedroff,3.88,314,2012,5
The Best American Science Fiction and Fantasy 2018,N.K. Jemisin,3.83,727,2018,3
Fangs & Fiction (Library Witch Mystery #6),Elle Adams,4.43,771,2020,3
Writing Irresistible KidLit: The Ultimate Guide to Crafting Fiction for Young Adult and Middle Grade Readers,Mary   Kole,4.50,737,2012,5
The Country of the Blind and Other Science-Fiction Stories,H.G. Wells,3.92,"1,223",1911,79
How Great Science Fiction Works,Gary K. Wolfe,4.14,970,2016,9
7 Figure Fiction: How to Use Universal Fantasy to Sell Your Books to Anyone,T.    Taylor,4.43,823,0,4
"Medieval Underpants and Other Blunders: A Writer's (and Editor's) Guide to Keeping Historical Fiction Free of Common Anachronisms, Errors, and Myths",Susanne Alleyn,3.94,568,2012,7
The Best American Science Fiction and Fantasy 2018,N.K. Jemisin,3.83,727,2018,3
Witch on the Cusp: Midlife Spirit Guides Paranormal Women's Fiction,Wendy Wang,4.55,685,0,1
Echo Tree: The Collected Short Fiction of Henry Dumas (Black Arts Movement Series),Henry Dumas,4.21,150,2003,11
Immediate Fiction: A Complete Writing Course,Jerry Cleaver,4.13,745,2002,13
The Country of the Blind and Other Science-Fiction Stories,H.G. Wells,3.92,"1,223",1911,79
The Eighth Continent: A Hard Science Fiction Thriller,Rhett C. Bruno,4.07,659,0,3
Dates! An Anthology of Queer Historical Fiction Stories,Zora Gilbert,3.74,193,2015,3
Writing Irresistible KidLit: The Ultimate Guide to Crafting Fiction for Young Adult and Middle Grade Readers,Mary   Kole,4.50,737,2012,5
Coffee House Lies: 100 Cups of Flash fiction,Carly Berg,3.94,81,2014,3
Witch on the Cusp: Midlife Spirit Guides Paranormal Women's Fiction,Wendy Wang,4.55,685,0,1
The Bleeding of the Stone,Ibrahim al-Koni,3.90,"1,439",1990,20
Mixed: An Anthology of Short Fiction on the Multiracial Experience,Rebecca Walker,3.79,258,2006,2
The Eighth Continent: A Hard Science Fiction Thriller,Rhett C. Bruno,4.07,659,0,3
Steal Away Home,Lois Ruby,3.78,778,1994,17
My Name Is Vittoria: A WW2 Historical Novel Based on a True Story of a Jewish Holocaust Survivor (World War II Brave Women Fiction Book 12),Dafna Vitale Ben Bassat,4.09,"2,581",2016,8
"Fiction Can Be Murder (Mystery Writer's Mysteries, #1)",Becky Clark,3.55,526,2018,8
It Came from the North: An Anthology of Finnish Speculative Fiction,Desirina Boskovich,3.65,240,2013,1
Side by Side (Inanna Poetry & Fiction Series),Anita Kushwaha,4.19,31,0,4
"Spies, Lies & Red Tape: A Spy-Military-Political Fiction Thriller based on the Indian Subcontinent",Amit Bagaria,4.39,"1,484",0,2
Steal Away Home,Lois Ruby,3.78,778,1994,17
Pacific Grit: A WWII Military Fiction Novel (Decker's Marine Raiders Series Book 3),Scott Cook,4.40,940,0,1
Stars Across Time: (A Science Fiction Romance Novel),Ruby Lionsdrake,3.74,842,2015,7
The Collected Short Fiction by Thomas Ligotti,Thomas Ligotti,4.51,115,0,1
The Dreams Our Stuff is Made Of: How Science Fiction Conquered the World,Thomas M. Disch,3.77,503,1998,9
Piercehaven (Piercehaven Christian Fiction Trilogy Book 1),Robin Merrill,4.33,512,2017,5
NeuroScience Fiction,Rodrigo Quian Quiroga,4.07,67,0,7
Lords of Dyscrasia,S.E. Lindberg,3.66,62,2011,5
Red and Ricko : A Dope Boy Original: A Urban Fiction Romance,J. Dominique,4.61,366,0,1
Incantations & Insomnia: A Paranormal Women's Fiction Novel (The Oracle of Wynter Book 5),Lisa Manifold,4.59,737,0,1
"How to Write a Sizzling Synopsis: A Step-by-Step System for Enticing New Readers, Selling More Fiction, and Making Your Books Sound Good",Bryan Cohen,4.42,630,0,2
"It Came From... The Stories and Novels Behind Classic Horror, Fantasy and Science Fiction Films",Jim  Nemeth,4.08,26,2020,1
Worlds Seen in Passing: Ten Years of Tor.com Short Fiction,Irene Gallo,3.91,245,2018,3
The Dreams Our Stuff is Made Of: How Science Fiction Conquered the World,Thomas M. Disch,3.77,503,1998,9
Red and Ricko : A Dope Boy Original: A Urban Fiction Romance,J. Dominique,4.61,366,0,1
Incantations & Insomnia: A Paranormal Women's Fiction Novel (The Oracle of Wynter Book 5),Lisa Manifold,4.59,737,0,1
Fires,Marguerite Yourcenar,4.08,"1,263",1936,56
The Oxford Book of Science Fiction Stories,Tom Shippey,4.12,465,1992,12
A Dangerous Fiction: A Mystery,Barbara Rogan,3.77,456,2013,6
The Collected Short Fiction by Thomas Ligotti,Thomas Ligotti,4.51,115,0,1
The Essential Clive Barker: Selected Fiction,Clive Barker,4.16,647,1999,2
"How to Write a Sizzling Synopsis: A Step-by-Step System for Enticing New Readers, Selling More Fiction, and Making Your Books Sound Good",Bryan Cohen,4.42,630,0,2
"It Came From... The Stories and Novels Behind Classic Horror, Fantasy and Science Fiction Films",Jim  Nemeth,4.08,26,2020,1
Mr. Sampath--the Printer of Malgudi,R.K. Narayan,3.81,"1,128",1949,34
Plot Versus Character: A Balanced Approach to Writing Great Fiction,Jeff Gerke,4.17,464,2010,10
Fires,Marguerite Yourcenar,4.08,"1,263",1936,56
"Truth and Fiction in The Da Vinci Code: A Historian Reveals What We Really Know about Jesus, Mary Magdalene & Constantine",Bart D. Ehrman,3.68,922,2004,1
Writing Fight Scenes: Professional Techniques for Fiction Authors (Writer's Craft Book 1),Rayne Hall,4.11,504,2011,7
The Brothers Vonnegut: Science and Fiction in the House of Magic,Ginger Strand,3.97,566,2015,11
The Encyclopedia of Science Fiction,John Clute,4.35,602,1993,5
The Best American Science Fiction and Fantasy 2019,Carmen Maria Machado,3.94,615,2019,3
The Girl From Saint Petersburg (An Industrial Historical Fiction Series Book 1),Joyana Peters,4.18,170,2022,3
Lights Out: EMP Post Apocalyptic Fiction Super Boxset,Roger Hayden,3.95,519,0,1
How to Write a Dynamite Scene Using the Snowflake Method (Advanced Fiction Writing Book 2),Randy Ingermanson,4.32,550,2018,4
"A Poetics of Postmodernism: History, Theory, Fiction",Linda Hutcheon,3.95,422,1988,14
Alien Sex: 19 Tales by the Masters of Science Fiction and Dark Fantasy,Ellen Datlow,3.43,767,1990,17
"My Less Than Secret Life: A Diary, Fiction, Essays",Jonathan Ames,3.97,773,2002,5
"Art Boss: (Young Adult Fiction, Aspiring Artist Story, Novel for Teens)",Kayla Cagan,3.65,218,2018,3
Kapuściński non-fiction,Artur Domosławski,4.06,915,2010,34
The Guide to Writing Fantasy and Science Fiction: 6 Steps to Writing and Publishing Your Bestseller!,Philip Athans,3.90,701,2010,13
AfroSF: Science Fiction by African Writers,Ivor W. Hartmann,3.92,279,2012,3
"Art Boss: (Young Adult Fiction, Aspiring Artist Story, Novel for Teens)",Kayla Cagan,3.65,218,2018,3
Accessing the Future: A Disability-Themed Anthology of Speculative Fiction,Kathryn Allan,4.08,206,2015,4
Spring Fire,Vin Packer,3.16,380,1952,23
Loosed upon the World: The Saga Anthology of Climate Fiction,John Joseph Adams,3.68,319,2015,6
"A Poetics of Postmodernism: History, Theory, Fiction",Linda Hutcheon,3.95,422,1988,14
True Letters from a Fictional Life,Kenneth Logan,3.95,"2,993",2016,1
Witch in Eclipse: Midlife Spirit Guides Paranormal Women's Fiction,Wendy Wang,4.51,688,0,1
Fury: Book 1: Live For Me,Colin Falconer,4.31,"1,568",1991,10
Future Adventures: Eight Complete Adventure Science Fiction Novels,Patty Jansen,3.94,279,0,1
True Letters from a Fictional Life,Kenneth Logan,3.95,"2,993",2016,1
Witch in Eclipse: Midlife Spirit Guides Paranormal Women's Fiction,Wendy Wang,4.51,688,0,1
Seasoned Magic: A Paranormal Women's Fiction Anthology,Lucia Ashta,4.20,279,2021,1
The Stone of Laughter,Hoda Barakat,3.43,386,1990,14
Accessing the Future: A Disability-Themed Anthology of Speculative Fiction,Kathryn Allan,4.08,206,2015,4
The Scribe Method: The Best Way to Write and Publish Your Non-Fiction Book,Tucker Max,4.09,211,0,3
The Neutrinos Are Coming and Other Stories: Science Fiction Omnibus,Dinker Charak,4.60,5,0,1
Future Adventures: Eight Complete Adventure Science Fiction Novels,Patty Jansen,3.94,279,0,1
Hint Fiction: An Anthology of Stories in 25 Words or Fewer,Robert Swartwood,3.84,734,2010,4
'Til Morning Light,Ann Moore,4.30,"1,780",2005,24
The Neutrinos Are Coming and Other Stories: Science Fiction Omnibus,Dinker Charak,4.60,5,0,1
A Common Person and Other Stories,R.M. Kinder,4.35,17,0,3
"Will Write for Food: The Complete Guide to Writing Cookbooks, Restaurant Reviews, Articles, Memoir, Fiction and More",Dianne Jacob,3.97,979,2005,21
The Scribe Method: The Best Way to Write and Publish Your Non-Fiction Book,Tucker Max,4.09,211,0,3
The World Treasury of Science Fiction,David G. Hartwell,4.12,398,1989,13
The Best American Science Fiction and Fantasy 2017,Charles Yu,3.76,667,2017,3
Remember Why You Fear Me: The Best Dark Fiction of Robert Shearman,Robert Shearman,4.03,342,2012,10
F. Scott Fitzgerald's All Time Bestseller Action Classic Fiction: The Best Works of a Literary Legend,F. Scott Fitzgerald,3.93,"5,242,238",1925,5418
"The Good Story: Exchanges on Truth, Fiction and Psychotherapy",J.M. Coetzee,3.59,410,2015,34
Where's My Jetpack?: A Guide to the Amazing Science Fiction Future That Never Arrived,Daniel H. Wilson,3.41,668,2007,18
Midnight Wings: A Science Fiction Retelling of Cinderella. (Rove City Book 1),Ariele Sieling,4.11,469,2019,2
"Sugar Beach Sunsets: Romantic Women's Fiction (Cliffside Point, 3)",Ellen Joy,4.64,497,0,2
The Secret History of Science Fiction,James Patrick Kelly,3.73,222,2009,4
The Cambridge Companion to Science Fiction,Edward  James,3.97,340,2003,17
"Evidence of V: A Novel in Fragments, Facts, and Fictions",Sheila O'Connor,4.33,560,2019,3
For the Life of Laetitia,Merle Hodge,3.82,228,1993,8
F. Scott Fitzgerald's All Time Bestseller Action Classic Fiction: The Best Works of a Literary Legend,F. Scott Fitzgerald,3.93,"5,242,238",1925,5418
Where's My Jetpack?: A Guide to the Amazing Science Fiction Future That Never Arrived,Daniel H. Wilson,3.41,668,2007,18
"The Good Story: Exchanges on Truth, Fiction and Psychotherapy",J.M. Coetzee,3.59,410,2015,34
Dictionary Stories: Short Fictions and Other Findings,Jez Burrows,3.70,269,2018,3
The Cambridge Companion to Science Fiction,Edward  James,3.97,340,2003,17
Stories: The Collected Short Fiction,Helen Garner,3.66,716,0,9
Worlds of Wonder: How to Write Science Fiction & Fantasy,David Gerrold,3.93,482,2001,6
The Occult Persuasion and the Anarchist's Solution (Inanna Poetry & Fiction Series),Lisa de Nikolits,4.41,34,0,3
Golden Days,Carolyn See,3.44,327,1986,10
Monkey Brain Sushi: New Tastes in Japanese Fiction,Alfred Birnbaum,3.56,399,1991,8
For the Life of Laetitia,Merle Hodge,3.82,228,1993,8
"Evidence of V: A Novel in Fragments, Facts, and Fictions",Sheila O'Connor,4.33,560,2019,3
"Lesbian Pulp Fiction: The Sexually Intrepid World of Lesbian Paperback Novels, 1950-1965",Katherine V. Forrest,3.80,257,2005,5
How To Write A Novel The Easy Way Using The Pulp Fiction Method To Write Better Novels: Writing Skills,Jim Driver,3.78,539,2014,5
On Writing Well: The Classic Guide to Writing Non-Fiction,William Zinsser,4.24,"28,325",1976,111
"The Collected Fantasies, Vol. 4: The Long Tomorrow and Other Science Fiction Stories (The Collected Fantasies of Jean Giraud, #4)",Jean Giraud,4.17,722,1988,15
The Last London: True Fictions from an Unreal City,Iain Sinclair,3.47,252,2017,10
The Book of Gaza: A City in Short Fiction,Atef Abu Saif,3.72,223,2014,9
"Small Magic: Short Fiction, 1977-2020",Terry Brooks,4.23,560,2021,10
Tomorrow's Children: 18 Tales of Fantasy and Science Fiction,Isaac Asimov,4.15,594,1966,6
Scatterlings,Isobelle Carmody,3.92,723,1991,8
Deadlier than Fiction (Bunburry #9),Helena Marchmont,4.21,828,2020,2
Darkest Before Dawn: The compelling and spellbinding historical fiction novel from the Sunday Times bestselling author,Katie Flynn,4.29,"1,223",2005,11
Going For a Beer: Selected Short Fictions,Robert Coover,3.87,465,2018,11
Storming the Reality Studio: A Casebook of Cyberpunk & Postmodern Science Fiction,Larry McCaffery,4.04,276,1991,9
Stone Lake,Phil M. Williams,4.48,598,2015,2
Echoes of War: Books 1-3,Daniel  Gibbs,4.30,355,0,1
"The Idea: The Seven Elements of a Viable Story for Screen, Stage or Fiction",Erik Bork,4.26,485,2018,5
How To Write Non-Fiction: Turn Your Knowledge Into Words (Writing Craft Books),Joanna Penn,4.22,420,2018,6
The Time Travel MEGAPACK ®: 26 Modern and Classic Science Fiction Stories,Edward M. Lerner,3.68,607,2013,2
Pup Fiction,Laurien Berenson,4.22,775,0,7
Leena Krohn: Collected Fiction,Leena Krohn,4.24,103,2015,4
"Home on the Harbor: Romantic Women's Fiction (Cliffside Point, 4)",Ellen Joy,4.60,462,0,2
"DECADES (Park Avenue Series, Book #1): 20th Century Historical Women's Fiction",Ruth  Harris,3.48,659,1974,17
"Home on the Harbor: Romantic Women's Fiction (Cliffside Point, 4)",Ellen Joy,4.60,462,0,2
The Best Science Fiction of the Year: Volume One,Neil Clarke,3.71,364,2016,7
Solar Plexus: A Dystopian EMP Post-Apocalyptic Fiction Novel,Victor Zugg,4.21,555,0,2
"The Idea: The Seven Elements of a Viable Story for Screen, Stage or Fiction",Erik Bork,4.26,485,2018,5
The Time Travel MEGAPACK ®: 26 Modern and Classic Science Fiction Stories,Edward M. Lerner,3.68,607,2013,2
Science Fiction and Philosophy: From Time Travel to Superintelligence,Susan   Schneider,3.80,274,2009,4
Vengeance Takes a Stand (The Texas Riders Western) (A Western Frontier Fiction) (The Texas Riders Series),Joseph  Powell,4.07,317,0,1
The Knife-Edge Path,Patrick T. Leahy,3.75,270,0,2
Lost for Words (The Nomadic Sisterhood: Travel Fiction Books for Women Book 1),Paula Kay,3.90,440,0,2
How to Write Pulp Fiction,James Scott Bell,4.20,625,0,2
A Book on the Table:  Flash Fiction,Celeste Ng,3.77,84,2018,1
Lost for Words (The Nomadic Sisterhood: Travel Fiction Books for Women Book 1),Paula Kay,3.90,440,0,2
"Black Like Us: A Century of Lesbian, Gay, and Bisexual African American Fiction",Devon W. Carbado,4.37,171,2002,7
"The Blaft Anthology of Tamil Pulp Fiction, Vol. I",Rakesh Khanna,3.59,392,2008,3
A Loud Winter's Nap (Fiction Picture Books),Katy Hudson,3.93,971,2017,14
Science Fiction and Philosophy: From Time Travel to Superintelligence,Susan   Schneider,3.80,274,2009,4
Transcendent: The Year's Best Transgender Speculative Fiction,K.M. Szpara,4.04,186,2016,3
The Scene Book: A Primer for the Fiction Writer,Sandra Scofield,3.88,460,2007,8
"Haunted Weather: Music, Silence and Memory",David Toop,3.96,368,2004,5
"The Harry Harrison Megapack: 12 Classics of Science Fiction, including ROBOT JUSTICE, DEATHWORLD, and DEATHWORLD II",Harry Harrison,4.11,584,2014,3
Micro Fiction: An Anthology of Fifty Really Short Stories,Jerome Stern,3.74,712,1996,10
"The Blaft Anthology of Tamil Pulp Fiction, Vol. I",Rakesh Khanna,3.59,392,2008,3
The Scene Book: A Primer for the Fiction Writer,Sandra Scofield,3.88,460,2007,8
Fear Itself: The Horror Fiction of Stephen King,Chuck       Miller,3.88,310,1982,2
"The Harry Harrison Megapack: 12 Classics of Science Fiction, including ROBOT JUSTICE, DEATHWORLD, and DEATHWORLD II",Harry Harrison,4.11,584,2014,3
The Year's Best Science Fiction: First Annual Collection,Gardner Dozois,4.14,428,1984,6
The Unauthorized Version: Truth and Fiction in the Bible,Robin Lane Fox,3.77,322,1991,28
"A Night at the Movies, Or, You Must Remember This: Fictions",Robert Coover,3.64,376,1987,22
New Sudden Fiction: Short-Short Stories from America and Beyond,Robert Shapard,3.85,577,2007,2
The Best American Science Fiction and Fantasy 2023,R.F. Kuang,3.64,361,2023,7
Inside and Other Short Fiction--Japanese Women by Japanese Women,Cathy Layne,3.56,278,2006,3
"A Night at the Movies, Or, You Must Remember This: Fictions",Robert Coover,3.64,376,1987,22
Transcendent 2: The Year's Best Transgender Speculative Fiction 2016,Bogi Takács,4.10,141,2017,3
Writing Flash Fiction: How to Write Very Short Stories and Get Them Published,Carly Berg,3.98,124,2015,4
How to Write a Non-fiction Ebook in 21 Days,Steve  Scott,3.94,443,2012,1
On Teaching and Writing Fiction,Wallace Stegner,4.12,348,2002,3
Who Says?: Mastering Point of View in Fiction,Lisa Zeidner,4.14,86,0,3
"The Rose Metal Press Field Guide to Writing Flash Fiction: Tips from Editors, Teachers, and Writers in the Field",Tara Lynn Masih,4.17,484,2009,3
The Best of the Best Horror of the Year: Ten Years of Essential Short Horror Fiction,Ellen Datlow,3.76,489,2018,7
To Write Like a Woman: Essays in Feminism and Science Fiction,Joanna Russ,4.16,196,1995,4
Who Says?: Mastering Point of View in Fiction,Lisa Zeidner,4.14,86,0,3
The Plot Dot: An eight-step visual guide to plotting unforgettable fiction and writing a book readers love.,Derek Murphy,3.87,317,0,1
The Dialogue Thesaurus: A Fiction Writer's Sourcebook of Dialogue Tags and Phrases,Dahlia Evans,4.20,205,0,2
"Crime Fiction Boxed Set: Fatal Flowers, Dear Departed, Shadowland Survivors (The Hunters Become the Hunted Series Books 1-3)",Enes Smith,4.05,418,2015,1
Writing Flash Fiction: How to Write Very Short Stories and Get Them Published,Carly Berg,3.98,124,2015,4
How to Write a Non-fiction Ebook in 21 Days,Steve  Scott,3.94,443,2012,1
The War Between the Classes,Gloria D. Miklowitz,3.08,837,1985,13
Helpful Adjectives for Fiction Writers (Indie Author Resources Book 3),Valerie   Howard,4.17,196,0,2
To Write Like a Woman: Essays in Feminism and Science Fiction,Joanna Russ,4.16,196,1995,4
The Best Small Fictions 2016,Stuart Dybek,4.23,100,2016,4
The NaNoWriMo Workbook (Fiction Attic Press Workbooks for Writers),Fiction Attic Press,3.88,8,2013,2
Five Seasons of Angel: Science Fiction & Fantasy Writers Discuss Their Favorite Vampire,Glenn Yeffeth,4.06,400,2004,7
Writing Young Adult Fiction For Dummies,Deborah Halverson,4.16,291,2011,8
"Sweet Romantic Fiction Editors' Choice Christmas Collection, Vol 2",Carol  James,4.67,3,0,1
Helpful Adjectives for Fiction Writers (Indie Author Resources Book 3),Valerie   Howard,4.17,196,0,2
Why Do You Look at Me and See a Girl? (35) (GWE Creative Non-Fiction),Anvi Hoàng,4.68,149,0,1
"Sweet Romantic Fiction Editors’ Choice Christmas Collection, Vol 1",Jody Day,4.00,7,0,1
A Science Fiction Omnibus,Brian W. Aldiss,4.00,532,1973,10
The Best American Science Fiction and Fantasy 2022,Rebecca Roanhorse,3.73,548,2022,8
Writing Vivid Settings: Professional Techniques for Fiction Authors (Writer's Craft Book 10),Rayne Hall,4.32,411,2014,3
"Lakeside Lighthouse: Romantic Women's Fiction (Cliffside Point, 6)",Ellen Joy,4.61,419,0,2
"Mutants and Mystics: Science Fiction, Superhero Comics, and the Paranormal",Jeffrey J. Kripal,4.12,269,2011,6
The Best Small Fictions 2016,Stuart Dybek,4.23,100,2016,4
"The Disturbance 2: The Answer: Hard Science Fiction (The Disturbance, #2)",Brandon Q. Morris,4.18,495,0,5
Worth: Short Fiction Collection,Sheila Bitts,3.71,21,2022,3
Raised in Captivity: Fictional Nonfiction,Chuck Klosterman,3.59,"3,511",2019,1
Harvard Classics: The Complete Fiction,Charles William Eliot,3.96,232,2011,3
Sudden Fiction: American Short Stories,Robert Shapard,3.82,543,1983,11
The Year's Best Science Fiction: Twenty-Third Annual Collection,Gardner Dozois,4.00,617,2006,9
Allegheny Front,Matthew Neill Null,3.97,308,2016,8
The Future of Silence: Fiction by Korean Women,Oh Jung-hee,3.83,126,2015,4
Science Fiction: A Very Short Introduction,David Seed,3.27,465,2011,16
"Complete Fiction: Fake Children's Stories, Fables, & Fairy Tales",Brett Nicholas Moore,4.50,4,0,3
"Techno-Orientalism: Imagining Asia in Speculative Fiction, History, and Media",David S. Roh,3.98,66,2015,5
The Science Fiction of Edgar Allan Poe,Edgar Allan Poe,3.62,476,1976,28
"Sweet Romantic Fiction Editors’ Choice Christmas Collection, Vol 3",Wendy Davy,3.50,4,0,1
Trans-Galactic Bike Ride: Feminist Bicycle Science Fiction Stories of Transgender and Nonbinary Adventurers,Lydia Rogue,4.14,220,2020,1
The Story and Its Writer: An Introduction to Short Fiction: Compact Sixth Edition,Ann Charters,4.16,317,1983,6
Red Dust,Yoss,3.49,424,2004,5
Postmodernist Fiction,Brian McHale,4.05,284,1987,17
The Science Fiction of Edgar Allan Poe,Edgar Allan Poe,3.62,476,1976,28
Trillion Year Spree: The History of Science Fiction,Brian W. Aldiss,4.07,400,1986,12
Father Fiction: Chapters for a Fatherless Generation,Donald Miller,3.97,"4,045",2006,27
Novelties and Souvenirs: Collected Short Fiction,John Crowley,3.85,373,1989,11
Red Dust,Yoss,3.49,424,2004,5
Thieves I've Known: Stories (Flannery O'Connor Award for Short Fiction Ser.),Tom Kealey,3.68,134,2013,9
"Sunrise. (Fiction, Poetry & Drama)",Michael Köhlmeier,3.56,912,1994,4
So Fey: Queer Fairy Fiction,Steve Berman,3.59,232,2007,7
The Year's Best Science Fiction: Twenty-Sixth Annual Collection,Gardner Dozois,3.97,595,2008,10
Women of Wonder: Science-Fiction Stories by Women about Women,Pamela Sargent,3.94,347,1975,10
None of This Is Normal: The Fiction of Jeff VanderMeer,Benjamin J. Robertson,3.55,33,0,2
Fantastic Journey The Soul of Speculative Fiction and Fantasy Adventure,Azalea Dabill,3.71,7,0,1
Big Fiction: How Conglomeration Changed the Publishing Industry and American Literature,Dan Sinykin,4.04,84,2023,3
How the Witch Saved Christmas: A Paranormal Women's Fiction Novel (Midlife in Mosswood Book 7),Louisa West,4.30,470,0,2
A New Life by Design: A Heart Warming Women’s Fiction,Cheryl Phipps,4.67,15,0,3
Creating Stories,Hank Quense,4.62,21,0,3
Khaki Town: breath-taking WWII historical fiction from the bestselling author of Black Sheep,Judy Nunn,3.93,"1,737",2019,7
The Power of Parable: How Fiction by Jesus Became Fiction about Jesus,John Dominic Crossan,4.18,478,2012,16
The Best American Science Fiction and Fantasy 2021,Veronica Roth,3.82,500,2021,8
The Best Science Fiction and Fantasy of the Year #11,Jonathan Strahan,3.79,448,2017,5
Freedom's Last Gasp: A Hard Science Fiction Thriller (The Exodus Series Book 2),M.A. Rothman,4.29,564,0,12
"Louise Erdrich: Tracks, The Last Report on the Miracles at Little No Horse, The Plague of Doves (Bloomsbury Studies in Contemporary North American Fiction)",Louise Erdrich,4.29,296,2011,7
Creating Stories,Hank Quense,4.62,21,0,3
The Half-Known World: On Writing Fiction,Robert Boswell,4.17,396,2008,5
A New Life by Design: A Heart Warming Women’s Fiction,Cheryl Phipps,4.67,15,0,3
Carbide Tipped Pens: Seventeen Tales of Hard Science Fiction,Ben Bova,3.59,481,2014,10
American Short Story Masterpieces: A Rich Selection of Recent Fiction from America's Best Modern Writers,Raymond Carver,4.08,419,1987,9
Vanishing Acts: A Science Fiction Anthology,Ellen Datlow,3.78,508,2000,7
Against a Crimson Sky (Compelling and Thrillingly Paced Historical Fiction) (The Poland Trilogy Book 2),James Conroyd Martin,4.02,"1,337",2006,16
Lives of the Novelists: A History of Fiction in 294 Lives,John Sutherland,3.95,173,2007,9
The Life of Crime: Unravelling the Mysteries of Fiction’s Favourite Genre,Martin Edwards,4.04,230,2022,4
Making Lemonade,Muriel Ellis Pritchett,3.92,382,0,2
Best Contemporary Women's Fiction: Six Novels,Nicole Mones,4.25,264,2010,2
"Seagrass Sunrise: Romantic Women's Fiction (Cliffside Point, 7)",Ellen Joy,4.65,401,0,2
MOJU: THE BLIND BEAST (Shinbaku Books: Fictions),Edogawa Rampo,3.57,449,1928,13
A Flash Fiction Christmas: 12 Stocking Stuffer-Sized Stories,Nicole McInnes,3.31,16,0,2
Being Netta Wilde: uplifting and inspiring women's fiction (The Netta Wilde Series Book 1),Hazel  Ward,4.37,778,0,5
The Facts and Fictions of Minna Pratt,Patricia MacLachlan,4.01,535,1988,21
Widdershins,Helen   Steadman,3.93,519,2017,11
"Literature: An Introduction to Fiction, Poetry, Drama, and Writing, Interactive Edition (12th edition)",X.J. Kennedy,3.93,134,2012,10
"Literature: An Introduction to Fiction, Poetry, Drama, and Writing, Interactive Edition (12th edition)",X.J. Kennedy,3.93,134,2012,10
Documentary: A History of the Non-Fiction Film,Erik Barnouw,3.86,423,1975,15
Still Life: thrilling and page-turning crime fiction from the author of the bestselling Inspector Gamache novels,Louise Penny,3.90,"249,234",2005,130
Lives of the Novelists: A History of Fiction in 294 Lives,John Sutherland,3.95,173,2007,9
The Program Era: Postwar Fiction and the Rise of Creative Writing,Mark McGurl,3.88,180,2009,9
Against a Crimson Sky (Compelling and Thrillingly Paced Historical Fiction) (The Poland Trilogy Book 2),James Conroyd Martin,4.02,"1,337",2006,16
The View from the Cheap Seats: Selected Non-fiction,Neil Gaiman,3.97,"16,054",2016,35
Circe,Madeline Miller,4.24,"1,054,565",2018,196
Dominion: An Anthology of Speculative Fiction from Africa and the African Diaspora,Zelda Knight,3.99,126,2020,4
Unveiled: Unveiling the Truth to the Façade,Celsi Leigh,4.11,182,0,2
Vengeance: A Vigilante Crime Fiction Thriller (The Vendetta Trifecta Book 1),A.J. Scudiere,4.35,385,2008,15
The Midwife: A Hauntingly Beautiful and Heartbreaking Historical Fiction,Tricia Cresswell,4.11,"1,705",2022,7
Dead North: Canadian Zombie Fiction,Silvia Moreno-Garcia,3.81,118,2013,6
The Dragon Defenders - Book One (The Dragon Defenders: the runaway phenonemon junior fiction series 1),James   Russell,4.33,431,0,7
Portraits in Blue Trilogy : An Epic Historical Fiction Box Set,Penny Fields-Schneider,4.40,50,0,1
Narration in the Fiction Film,David Bordwell,4.16,283,1985,20
The Facts and Fictions of Minna Pratt,Patricia MacLachlan,4.01,535,1988,21
"My Mind's Eye (Pub Fiction, #1)",Gillian  Jones,3.94,479,2015,3
The Irish Heart Series Collection Books 1-3: An Irish Women's Fiction Romance Novel Trilogy,Juliet Gauvin,4.51,378,0,1
Charlie Chan is Dead: An Anthology of Contemporary Asian American Fiction,Jessica Hagedorn,3.96,215,1993,1
The Midwife: A Hauntingly Beautiful and Heartbreaking Historical Fiction,Tricia Cresswell,4.11,"1,705",2022,7
"My Mind's Eye (Pub Fiction, #1)",Gillian  Jones,3.94,479,2015,3
Charlie Chan is Dead: An Anthology of Contemporary Asian American Fiction,Jessica Hagedorn,3.96,215,1993,1
How We Disappeared: LONGLISTED FOR THE WOMEN'S PRIZE FOR FICTION 2020,Jing-Jing Lee,4.21,"9,354",2019,25
Maggie: A Girl of the Streets and Other Short Fiction,Stephen Crane,3.36,679,1969,37
World Engines: Creator: A post climate change high concept science fiction odyssey,Stephen Baxter,3.77,617,2020,6
Portraits in Blue Trilogy : An Epic Historical Fiction Box Set,Penny Fields-Schneider,4.40,50,0,1
Yellow Rose Bride (Wildflower Series #1) (Steeple Hill Women's Fiction #42),Lori Copeland,3.92,625,2006,10
A Mother's Hope: The heartwarming and emotional historical fiction romance from the Sunday Times bestselling author,Katie Flynn,4.36,892,2009,10
What's Done in The Dark: Season 1: African American Urban Fiction,Solae Dehvine,4.10,309,2011,1
Yellow Rose Bride (Wildflower Series #1) (Steeple Hill Women's Fiction #42),Lori Copeland,3.92,625,2006,10
The Cuckoo Child: The heartwarming and emotional historical fiction romance from the Sunday Times bestselling author,Katie Flynn,4.19,930,2005,11
What's Done in The Dark: Season 1: African American Urban Fiction,Solae Dehvine,4.10,309,2011,1
"Women of Wonder: The Contemporary Years, Science Fiction by Women from the 1970s to the 1990s",Pamela Sargent,4.05,193,1995,4
"Castles, Customs, and Kings Volume 2: True Tales by English Historical Fiction Authors",Debra  Brown,3.81,54,2015,4
The Auschwitz Photograph: A WWII Historical Fiction Novel,Julie Tulba,4.52,537,0,4
Strangest Fiction Anthology - Volume 1,Jon Richter,3.83,6,0,2
Torn,Amber Lehman,3.77,744,2009,4
Witch Way Did She Go : Paranormal Women's Fiction Romance (Silver Sisters Book 2),Jennifer L. Hart,4.54,442,0,2
We See a Different Frontier: A postcolonial speculative fiction anthology,Fábio Fernandes,4.01,151,2013,3
The Big Front Yard: And Other Stories (The Complete Short Fiction of Clifford D. Simak Book 2),Clifford D. Simak,4.24,338,2015,6
Biketopia: Feminist Bicycle Science Fiction Stories in Extreme Futures,Elly Blue,3.76,219,2017,9
A Mother's Hope: The heartwarming and emotional historical fiction romance from the Sunday Times bestselling author,Katie Flynn,4.36,892,2009,10
The Cuckoo Child: The heartwarming and emotional historical fiction romance from the Sunday Times bestselling author,Katie Flynn,4.19,930,2005,11
"Women of Wonder: The Contemporary Years, Science Fiction by Women from the 1970s to the 1990s",Pamela Sargent,4.05,193,1995,4
Afro-Bougie Blues: A Collection of Short Fiction,Lauren   Wilson,4.55,85,2022,3
Squeeze Me: The ultimate crime fiction satire for the post-Trump era (Skink Book 7),Carl Hiaasen,4.03,"32,003",2020,27
Strangest Fiction Anthology - Volume 1,Jon Richter,3.83,6,0,2
Frankenstein Dreams: A Connoisseur's Collection of Victorian Science Fiction (The Connoisseur's Collections),Michael Sims,3.56,108,2017,7
Isaac Asimov's Science Fiction Treasury,Isaac Asimov,4.08,206,1980,5
"The Orwell Reader: Fiction, Essays, and Reportage",George Orwell,4.34,316,1956,12
A Texas Virgin and a Savage Millionaire: An Urban Fiction Hood Romance,Vee Bryant,4.63,250,0,2
Isaac Asimov's Science Fiction Treasury,Isaac Asimov,4.08,206,1980,5
Strangest Fiction Anthology - Volume 1,Jon Richter,3.83,6,0,2
Selected Short Fiction,Charles Dickens,3.69,96,1976,13
Now Write!: Fiction Writing Exercises from Today's Best Writers and Teachers,Sherry    Ellis,3.89,255,2006,11
We See a Different Frontier: A postcolonial speculative fiction anthology,Fábio Fernandes,4.01,151,2013,3
Witch Way Did She Go : Paranormal Women's Fiction Romance (Silver Sisters Book 2),Jennifer L. Hart,4.54,442,0,2
"Putting the Science in Fiction: Expert Advice for Writing with Authenticity in Science Fiction, Fantasy, & Other Genres",Dan Koboldt,4.20,261,2018,4
Mythmakers and Lawbreakers: Anarchist Writers on Fiction,Margaret Killjoy,4.13,174,2009,1
Torn,Amber Lehman,3.77,744,2009,4
Fiction Writing Journal & Workbook,Robin  Woods,4.88,17,2015,2
4 A.M. Breakthrough: Unconventional Writing Exercises That Transform Your Fiction,Brian Kiteley,4.09,198,2009,3
"Astounding Science Fiction, July 1940",John W. Campbell Jr.,3.86,539,1940,1
The Year's Best Science Fiction: Twenty-Fifth Annual Collection,Gardner Dozois,3.99,509,2008,11
Crafting Novels & Short Stories: The Complete Guide to Writing Great Fiction,Writer's Digest Books,3.90,363,2011,5
"Lightspeed Magazine, Issue 61, June 2015: Queers Destroy Science Fiction!",Seanan McGuire,3.95,395,2015,8
The Collected Short Fiction of C.J. Cherryh,C.J. Cherryh,3.97,403,2004,12
"The Best Science Fiction and Fantasy of the Year, Volume 6",Jonathan Strahan,3.89,438,2012,6
Marie Benedict Historical Fiction Bundle,Marie Benedict,4.06,102,0,1
"Astounding Science-Fiction, March 1942",John W. Campbell Jr.,3.96,229,1942,1
"The Best Science Fiction and Fantasy of the Year, Volume 6",Jonathan Strahan,3.89,438,2012,6
Crafting Novels & Short Stories: The Complete Guide to Writing Great Fiction,Writer's Digest Books,3.90,363,2011,5
The Year's Best Science Fiction: Eighteenth Annual Collection,Gardner Dozois,4.05,430,2001,7
By Summer's End,Rosemarie Naramore,4.12,336,2014,1
"The Best Science Fiction and Fantasy of the Year, Volume 5",Jonathan Strahan,3.79,272,2011,7
"Trafficked: Marlene's Story of Survival, A Teen Thrilling Kidnap Suspense Crime Fiction Novel (Trafficked Series Book 1)",Taylor Ann Stone,3.75,332,0,3
"Other Victims: A Historical Fiction about the ""Other Victims"" of the Holocaust. A Biracial Child Experiences Prejudice and Persecution During the Nazis' Occupation of Berlin",Rachael JanLynnette McCormick,3.22,23,2013,3
Famous Science-Fiction Stories: Adventures in Time and Space,Raymond J. Healy,4.19,308,1946,25
Rocket Fuel: Some of the Best From Tor.com Non-Fiction,Bridget McGovern,3.44,159,2018,2
The Second Science Fiction Megapack,Robert Silverberg,3.83,520,2011,4
"Astounding Science Fiction, September 1940",John W. Campbell Jr.,3.84,570,1940,1
The Dwarf,Se-hui Cho,3.67,365,1978,13
The Year's Best Science Fiction: Twenty-Eighth Annual Collection,Gardner Dozois,3.85,550,2011,10
"Astounding Science Fiction, February 1940",John W. Campbell Jr.,3.94,391,1940,1
The King in Yellow and Other Horrors: The Best Weird Fiction & Ghost Stories of Robert W. Chambers,Robert W. Chambers,3.69,"8,588",1970,24
THE LORD EDWARD'S ARCHER BOX SET 1-5 five gripping historical fiction novels,Griff  Hosker,4.57,565,0,1
"The Age of the Crisis of Man: Thought and Fiction in America, 1933–1973",Mark Greif,4.13,95,2014,7
Bending The Landscape: Science Fiction,Nicola Griffith,3.83,224,1998,5
Science Fiction Short Stories,Laura Bulbeck,3.71,135,2015,6
"Trafficked: Marlene's Story of Survival, A Teen Thrilling Kidnap Suspense Crime Fiction Novel (Trafficked Series Book 1)",Taylor Ann Stone,3.75,332,0,3
THE LORD EDWARD'S ARCHER BOX SET 1-5 five gripping historical fiction novels,Griff  Hosker,4.57,565,0,1
The Second Science Fiction Megapack,Robert Silverberg,3.83,520,2011,4
Rocket Fuel: Some of the Best From Tor.com Non-Fiction,Bridget McGovern,3.44,159,2018,2
"The Fifth Science Fiction Megapack  (Science Fiction Megapack, #5)",Gardner Dozois,3.86,400,2012,3
Repetition (Collier Fiction),Peter Handke,3.61,352,1986,37
On the Rocks (Pub Fiction #2),Gillian  Jones,4.55,249,2015,3
"Astounding Science Fiction, September 1940",John W. Campbell Jr.,3.84,570,1940,1
The Dwarf,Se-hui Cho,3.67,365,1978,13
"Women of Wonder, the Classic Years: Science Fiction by Women from the 1940s to the 1970s",Pamela Sargent,4.13,214,1995,1
The Best Japanese Science Fiction Stories,John L. Apostolou,3.70,246,1989,8
"Sort of Stranger Than Fiction (Petit Morts, #7)",Josh Lanyon,3.87,602,2010,3
Repetition (Collier Fiction),Peter Handke,3.61,352,1986,37
America Dark: Post-Apocalyptic EMP Survival Fiction (Willow Falls Book 1),Keith Taylor,4.12,192,0,2
"Asimov's Science Fiction, October/November 2011",Sheila Williams,3.96,361,2011,2
The Loyal Angel: An Epic Christian Fiction Novel,Nathan Crocker,4.64,291,0,3
Fast Fiction: A Guide to Outlining and Writing a First-Draft Novel in Thirty Days,Denise Jaden,3.99,170,2014,3
"In Heaven, Everything is Fine: Fiction Inspired by David Lynch",Cameron Pierce,3.72,138,2013,4
The H. Beam Piper Megapack: 33 Classic Science Fiction Novels and Short Stories,H. Beam Piper,4.10,317,2013,3
Tarnished Silver,Chautona Havig,4.20,326,2013,5
27 Fiction Writing Blunders - And How Not To Make Them!,James Scott Bell,4.21,353,2015,3
Qui es-tu Alaska ? (Pôle Fiction),John Green,3.97,"1,600,062",2005,300
Just Write: Creating Unforgettable Fiction and a Rewarding Writing Life,James Scott Bell,4.31,500,2016,3
America Dark: Post-Apocalyptic EMP Survival Fiction (Willow Falls Book 1),Keith Taylor,4.12,192,0,2
The Loyal Angel: An Epic Christian Fiction Novel,Nathan Crocker,4.64,291,0,3
H.G. Wells: The Science Fiction Collection,H.G. Wells,4.16,372,2012,3
"Half Moon Harbor: Romantic Women's Fiction (Cliffside Point, 8)",Ellen Joy,4.59,329,0,2
Creating Characters: The Complete Guide to Populating Your Fiction,Writer's Digest Books,3.98,259,2014,7
"Wizards, Aliens, and Starships: Physics and Math in Fantasy and Science Fiction",Charles L. Adler,3.83,143,2014,6
"Writing Monsters: How to Craft Believably Terrifying Creatures to Enhance Your Horror, Fantasy, an d Science Fiction",Philip Athans,3.98,369,2014,7
Showtime!: gripping historical fiction from the bestselling author of Black Sheep,Judy Nunn,3.77,605,0,5
The Very Best of Fantasy & Science Fiction: Sixtieth Anniversary Anthology,Gordon van Gelder,4.18,276,2009,1
The Best Science Fiction of the Year: Volume Two,Neil Clarke,3.73,208,2017,7
"Supernatural: The Official Cookbook: Burgers, Pies, and Other Bites from the Road",Julie  Tremaine,4.57,383,2019,5
The Seventh Science Fiction MEGAPACK ®: 25 Modern and Classic Stories,John Gregory Betancourt,3.84,469,2013,3
Flashy Fiction and Other Insane Tales,Jen Wylie,3.90,70,2012,2
Story and Discourse:  Narrative Structure in Fiction and Film,Seymour Chatman,3.81,286,1978,12
True Stories: The Collected Short Non-Fiction,Helen Garner,4.13,"1,153",1996,14
Fiction No More (Vincent Malone Book 3),Ted Clifton,4.25,183,0,1
A Burning London Sky: A WWII Historical Fiction Novel (World War II Brave Women Fiction Book 4),Deb Stratas,4.53,420,0,2
The Very Best of the Best: 35 Years of the Year's Best Science Fiction,Gardner Dozois,3.81,385,2019,7
The Instant of My Death / Demeure: Fiction and Testimony,Maurice Blanchot,4.20,259,1994,6
"A Sister’s Vow: A Gripping, Heart-Wrenching WW2 Historical Fiction Novel (World War II Brave Women Fiction Book 4)",Adiva Geffen,4.59,381,0,2
Showtime!: gripping historical fiction from the bestselling author of Black Sheep,Judy Nunn,3.77,605,0,5
Your Face In The Stars: A Wartime Love Story,John Ellsworth,4.21,343,0,3
Fatal Serum,Sam   Black,4.03,60,2012,5
The Best Science Fiction of the Year: Volume Two,Neil Clarke,3.73,208,2017,7
The Ship of Ishtar,A. Merritt,3.56,572,1924,243
Growing An Inch,Stanley Gordon West,4.09,396,2003,5
Red Dirt Road: 'A rising star of Australian crime fiction ' SUNDAY TIMES,S.R. White,3.94,"1,246",2023,7
"Midlife Medicine Box Set, Books 1-5: A Paranormal Women's Fiction Cozy Mystery (Midlife Medicine Collections Book 1)",Amorette Anderson,4.53,396,0,1
The Mandarins (Norton Paperback Fiction),Simone de Beauvoir,4.18,"5,720",1954,76
Transcendent 3: The Year's Best Transgender Speculative Fiction,Bogi Takács,4.11,110,2018,3
Irish Girl: Stories,Tim Johnston,3.88,306,2009,9
Grant Us Mercy: Installment Three: Post-Apocalyptic Survival Fiction,D.C. Little,4.55,244,0,1
Jewel Hinged Jaw: Notes on the Language of Science Fiction,Samuel R. Delany,4.23,237,1977,16
The Sixth Science Fiction MEGAPACK®: 25 Classic and Modern Science Fiction Stories,Johnston McCulley,3.75,385,2013,2
The Best Small Fictions 2017,Amy Hempel,4.21,92,2017,3
Red Planets: Marxism and Science Fiction,Mark Bould,3.69,103,2009,7
Growing An Inch,Stanley Gordon West,4.09,396,2003,5
Gotta Read It!: Five Simple Steps to a Fiction Pitch that Sells,Libbie Hawker,4.29,361,2014,2
Microworlds: Writings on Science Fiction and Fantasy,Stanisław Lem,3.96,267,1984,13
Better than Fiction 2: True Adventures from 30 Great Fiction Writers,Dave Eggers,3.60,269,2015,4
Tomorrow Factory: Collected Fiction,Rich  Larson,4.15,356,2018,8
"Midlife Medicine Box Set, Books 1-5: A Paranormal Women's Fiction Cozy Mystery (Midlife Medicine Collections Book 1)",Amorette Anderson,4.53,396,0,1
Write Short Kindle Books: A Self-Publishing Manifesto for Non-Fiction Authors (Indie Author Success #1),Nathan Meunier,4.21,322,2015,1
Modern Mythmakers: 35 Interviews with Horror & Science Fiction Writers and Filmmakers,Michael McCarty,3.81,128,2015,3
"Digging Up Trouble (Sweet Fiction Bookshop, #1)",Kitt Crowe,3.71,375,2021,6
Daniel (Shelter Christian Fiction Trilogy Book 2),Robin Merrill,4.50,351,0,6
Transcendent 3: The Year's Best Transgender Speculative Fiction,Bogi Takács,4.11,110,2018,3
"Digging Up Trouble (Sweet Fiction Bookshop, #1)",Kitt Crowe,3.71,375,2021,6
Modern Mythmakers: 35 Interviews with Horror & Science Fiction Writers and Filmmakers,Michael McCarty,3.81,128,2015,3
The Sorrows,Jonathan Janz,3.66,655,2012,2
Year's Best Weird Fiction; Volume 2,Kathe Koja,3.99,254,2015,2
The Year's Best Science Fiction: Twenty-Fourth Annual Collection,Gardner Dozois,4.03,552,2007,7
Better than Fiction 2: True Adventures from 30 Great Fiction Writers,Dave Eggers,3.60,269,2015,4
The Total Library: Non-Fiction 1922-1986,Jorge Luis Borges,4.43,232,2000,8
Awakening the Witch: A Paranormal Women's Fiction Novel (Hollywood Lakes Magical Midlife Book 1),Christina Garner,4.54,281,0,2
"Hex in the City (Fiction River, #5)",Kerrie L. Hughes,3.82,215,2013,5
Write Short Kindle Books: A Self-Publishing Manifesto for Non-Fiction Authors (Indie Author Success #1),Nathan Meunier,4.21,322,2015,1
Checker and the Derailleurs,Lionel Shriver,3.55,379,1989,21
The Kissing Game: Stories of Defiance and Flash Fictions,Aidan Chambers,3.22,563,2011,17
"50 Masterpieces of Gothic Fiction Vol. 1: Dracula, Frankenstein, The Tell-Tale Heart, The Picture Of Dorian Gray...",Mary Wollstonecraft Shelley,4.10,49,0,1
Gathering Blue: The second novel in the classic science-fiction fantasy adventure series for kids (The Giver Quartet) (The Quartet Book 2),Lois Lowry,3.82,"192,188",2000,138
"Black Noir: Mystery, Crime, and Suspense Fiction by African-American Writers",Otto Penzler,3.88,150,2009,9
She: Fiction,Michelle Latiolais,3.76,200,2016,9
The Year's Best Science Fiction & Fantasy Novellas 2015,Paula Guran,3.72,163,2015,2
With Every Breath: A Contemporary Christian Fiction Second-Chance Romance Novel (McCall Family Series Book 1),Natasha D. Frazier,4.56,345,0,2
All the Devils Are Here: thrilling and page-turning crime fiction from the author of the bestselling Inspector Gamache novels,Louise Penny,4.43,"69,789",2020,32
The Fiction Writer's Handbook,Shelly Lowenkopf,3.93,102,2012,3
. . . And Then There Were None,Eric Frank Russell,4.12,488,1951,4
World Engines: Destroyer: A post climate change high concept science fiction odyssey,Stephen Baxter,3.80,"1,224",2019,9
Grant Us Mercy: Installment Four: Post-Apocalyptic Survival Fiction,D.C. Little,4.58,258,0,1
The Last Words of Dutch Schultz: A Fiction in the Form of a Film Script,William S. Burroughs,3.65,395,1969,22
The Helsingør Sewing Club: The most moving and gripping World War Two historical fiction novel inspired by a remarkable true story!,Ella Gyland,4.12,337,0,4
Misfits,Hunter Shea,4.00,221,2020,6
"A Stark and Wormy Knight: Tales of Fantasy, Science Fiction and Suspense",Tad Williams,3.77,222,2011,3
There Is a Tree More Ancient Than Eden,Leon Forrest,4.16,76,1973,5
Strange Sisters: The Art of Lesbian Pulp Fiction 1949-1969,Jaye Zimet,3.98,124,1999,1
"Ashes: A WW2 historical fiction inspired by true events. A story of friendship, war and courage",Christopher de Vinck,4.13,349,2020,6
Astrid's War: Attack on the USS Valley Forge (Astrid Amundsen Military Science Fiction Series Book 1),Alan Householder,3.88,299,0,2
Writing Genre Fiction: Creating Imaginary Worlds: The 12 Rules,Charles Christian,3.67,325,2014,2
A Fatal Grace: thrilling and page-turning crime fiction from the author of the bestselling Inspector Gamache novels,Louise Penny,4.10,"125,637",2006,111
A Curious Invitation: The Forty Greatest Parties in Fiction,Suzette Field,3.32,192,2012,8
We're Here: The Best Queer Speculative Fiction of 2020,C.L. Clark,4.04,96,2021,4
There Is a Tree More Ancient Than Eden,Leon Forrest,4.16,76,1973,5
"Ashes: A WW2 historical fiction inspired by true events. A story of friendship, war and courage",Christopher de Vinck,4.13,349,2020,6
The Last Words of Dutch Schultz: A Fiction in the Form of a Film Script,William S. Burroughs,3.65,395,1969,22
The Key: How to Write Damn Good Fiction Using the Power of Myth,James N. Frey,3.89,320,1994,12
The Ethnic Project: Transforming Racial Fiction into Ethnic Factions,Vilna Bashi Treitler,4.14,65,2013,5
Misfits,Hunter Shea,4.00,221,2020,6
The Magic Key Cards: A Science Fiction Thriller Suspense Spy Adventure Conspiracy Theory Comedy,Russell Hasan,2.56,16,0,2
Robot Ghosts and Wired Dreams: Japanese Science Fiction from Origins to Anime,Christopher Bolton,3.73,143,2007,5
Primeval Origins : Light of Honor (Epic Fantasy / Science Fiction Book Series 2),B.A. Vonsik,4.52,31,2015,10
"How to Kill a Vampire: Fangs in Folklore, Film and Fiction",Liisa Ladouceur,4.08,89,2013,12
The Year's Best Science Fiction: Seventeenth Annual Collection,Gardner Dozois,4.09,437,2000,9
Wartime Christmas Tales: A WWII Flash Fiction Anthology,Dianne Ascroft,3.90,207,2020,1
Economic Science Fictions,William  Davies,3.60,85,2018,4
The Soft Landing Collection: Sapphic Fantasy and Science Fiction Stories,Jacquelynn Lyon,4.28,89,0,4
"Locus Awards, The: Thirty Years of the Best in Science Fiction and Fantasy",Charles N. Brown,4.09,214,2004,10
Colonist Soldier: A Science Fiction Harem Adventure (Guardian of Vesta Colony Book 1),Dan Raxor,4.08,274,0,2
A Midlife Bloom: A Paranormal Women's Fiction Mystery (Aged to Perfection Book 1),Sara Bourgeois,4.14,304,0,2
Midlife Magic Mirror: A Paranormal Women's Fiction Novel (Legacy Witches of Shadow Cove Book 1),Jennifer L. Hart,4.57,319,0,2
A Fatal Grace: thrilling and page-turning crime fiction from the author of the bestselling Inspector Gamache novels,Louise Penny,4.10,"125,637",2006,111
We're Here: The Best Queer Speculative Fiction of 2020,C.L. Clark,4.04,96,2021,4
A Curious Invitation: The Forty Greatest Parties in Fiction,Suzette Field,3.32,192,2012,8
The Solaris Book of New Science Fiction,George Mann,3.74,263,2007,4
Primeval Origins : Light of Honor (Epic Fantasy / Science Fiction Book Series 2),B.A. Vonsik,4.52,31,2015,10
"but, he spit in my coffee: A reads-like-fiction memoir about adopting a child with Reactive Attachment Disorder (RAD) (Must Have Resources for Caregivers ... With Reactive Attachment Disorder",Keri Williams,4.65,325,0,2
Writing Vivid Dialogue: Professional Techniques for Fiction Authors,Rayne Hall,4.21,227,0,2
Near Total Eclipse: Solar Plexus 2 (A Dystopian EMP Post-Apocalyptic Fiction Novel),Victor Zugg,4.26,356,0,2
Blaze: A Superhero Fiction Fantasy Novel,Ryan Sheets,4.50,4,0,2
Writing Vivid Dialogue: Professional Techniques for Fiction Authors,Rayne Hall,4.21,227,0,2
Menial: Skilled Labor in Science Fiction,Kelly Jennings,3.83,58,2013,3
Unchained:,Ruby Lionsdrake,4.13,401,2018,1
All Churched Out: The Weary Wife of the Pastor-Book 1,Denise Cook-Godfrey,4.49,229,0,2
The Long Way Home: thrilling and page-turning crime fiction from the author of the bestselling Inspector Gamache novels,Louise Penny,4.07,"68,476",2014,66
"Never Eat Alone: And Other Secrets to Success, One Relationship at a Time (Portfolio Non Fiction)",Tahl Raz,3.84,"49,011",2005,79
The Complete Fiction: The Bean Trees / Homeland and Other Stories / Animal Dreams / Pigs in Heaven,Barbara Kingsolver,4.40,368,1995,3
Women Invent the Future: A Science Fiction Anthology,Maggie Aderin-Pocock,3.63,70,2018,2
All Churched Out: The Weary Wife of the Pastor-Book 1,Denise Cook-Godfrey,4.49,229,0,2
Romance Your Brand: Building a Marketable Genre Fiction Series,Zoe York,4.36,367,2019,4
Anti-Story: An Anthology of Experimental Fiction,Philip Stevick,3.88,137,1971,7
The Witchdoctor's Bones (Inanna Poetry & Fiction Series),Lisa de Nikolits,4.02,47,2014,3
The Robert Silverberg Science Fiction MEGAPACK®,Robert Silverberg,4.05,254,0,3
The Nature of the Beast: thrilling and page-turning crime fiction from the author of the bestselling Inspector Gamache novels,Louise Penny,4.24,"63,968",2015,45
Chairman Mao Would Not Be Amused: Fiction from Today's China,Howard Goldblatt,3.46,191,1995,5
"Can't Quit You, Baby",Ellen Douglas,3.93,261,1988,7
Rocky Mountain Lawmen Series: A Western Fiction Collection,John Legg,4.13,403,0,1
101 Science Fiction Short Stories,Isaac Asimov,4.06,144,0,1
5 Editors Tackle the 12 Fatal Flaws of Fiction Writing (The Writer's Toolbox Series),C.S. Lakin,4.39,218,0,3
"Best European Fiction 2010 (Best European Fiction Series, #1)",Aleksandar Hemon,3.77,252,2009,7
Notes From Small Planets: Your Pocket Travel Guide to the Worlds of Science Fiction and Fantasy,Nate Crowley,3.96,158,2019,5
Manchester Christmas: A Novel,John              Gray,4.21,"1,339",0,4
Eclipse 1: New Science Fiction and Fantasy,Jonathan Strahan,3.56,190,2001,7
Lost Moon: Lunar Eclipse: Hard Science Fiction,Brandon Q. Morris,4.00,212,0,7
"My Life and Other Catastrophes (Girlfriend Fiction, #1)",Rowena Mohr,3.50,297,2008,7
The Year's Best Science Fiction: Nineteenth Annual Collection,Gardner Dozois,4.02,398,2002,11
The Spiral and The Threads: A Short-Fiction Anthology from The Nod/Wells Timelines,Michael Shotter,4.75,4,0,5
Mary: A Fiction,Mary Wollstonecraft,3.13,389,1788,63
Notes From Small Planets: Your Pocket Travel Guide to the Worlds of Science Fiction and Fantasy,Nate Crowley,3.96,158,2019,5
Mary: A Fiction,Mary Wollstonecraft,3.13,389,1788,63
The DCI Jack Logan Collection Books 7-9: A Scottish Crime Fiction Series (DCI Jack Logan Collected Editions Book 3),J.D. Kirk,4.67,484,0,1
"Lightspeed Magazine, Issue 73, June 2016: People of Colo(u)r Destroy Science Fiction!",Nalo Hopkinson,4.33,162,2016,2
LGBTQ Fiction and Poetry from Appalachia,Jeff Mann,4.39,109,2019,3
The Year's Best Science Fiction: Twenty-Seventh Annual Collection,Gardner Dozois,3.98,543,2010,10
"Can't Quit You, Baby",Ellen Douglas,3.93,261,1988,7
The Battle of the Sexes in Science Fiction,Justine Larbalestier,3.88,121,2002,4
Such Stuff as Dreams: The Psychology of Fiction,Keith Oatley,3.85,98,2011,12
"A Fatal Fiction (Deadly Edits, #3)",Kaitlyn Dunnett,3.79,371,0,6
BRANNANS FAMILY SAGA three evocative and charming Edwardian family sagas box set (Historical saga fiction box sets),Dominic Luke,3.96,429,0,1
WHITE PALACE,Glenn Savan,3.93,418,1994,14
Elemental: The Tsunami Relief Anthology: Stories of Science Fiction and Fantasy,Steven Savile,3.71,191,2006,6
Such Stuff as Dreams: The Psychology of Fiction,Keith Oatley,3.85,98,2011,12
Writing Science Fiction & Fantasy,Isaac Asimov,3.70,158,1991,7
The Year's Best Science Fiction: Twentieth Annual Collection,Gardner Dozois,4.05,338,2003,10
"Technologies of Gender: Essays on Theory, Film, and Fiction",Teresa de Lauretis,3.85,115,1987,9
"Best European Fiction 2010 (Best European Fiction Series, #1)",Aleksandar Hemon,3.77,252,2009,7
The DCI Jack Logan Collection Books 7-9: A Scottish Crime Fiction Series (DCI Jack Logan Collected Editions Book 3),J.D. Kirk,4.67,484,0,1
Tea Leaf Secrets: Southern fiction (Temple Secrets Book 3),Susan   Gabriel,4.44,288,0,3
The Frangipani Hotel: Fiction,Violet Kupersmith,3.70,"1,000",2014,10
Temple Secrets Series: Southern Fiction Box Set (2 books in 1 volume),Susan   Gabriel,4.42,198,0,3
Elemental: The Tsunami Relief Anthology: Stories of Science Fiction and Fantasy,Steven Savile,3.71,191,2006,6
The Battle of the Sexes in Science Fiction,Justine Larbalestier,3.88,121,2002,4
Adrianne Geffel: A Fiction,David Hajdu,3.52,124,2020,8
This Planet is Doomed: The Science Fiction Poetry,Sun Ra,4.07,105,2011,4
Invasion: The Complete Series (An Alien Invasion Science Fiction Series),Avery Blake,4.05,155,0,1
JoinWith.Me: Deus Intra Machina (The God within the Machine) | Dystopian Fiction,Mike  Meier,4.26,19,0,2
The Year’s Best African Speculative Fiction (2021),Oghenechovwe Donald Ekpeki,4.06,109,2021,5
The DCI Jack Logan Collection Books 7-9: A Scottish Crime Fiction Series (DCI Jack Logan Collected Editions Book 3),J.D. Kirk,4.67,484,0,1
JoinWith.Me: Deus Intra Machina (The God within the Machine) | Dystopian Fiction,Mike  Meier,4.26,19,0,2
Fiction Unboxed,Johnny B. Truant,4.07,344,2014,2
Postmodern American Fiction: A Norton Anthology,Paula Geyh,3.89,219,1997,5
Uncanny Magazine Issue 24 September/October 2018: Disabled People Destroy Science Fiction! Special Issue,Lynne M. Thomas,4.17,168,2018,2
The Year’s Best African Speculative Fiction (2021),Oghenechovwe Donald Ekpeki,4.06,109,2021,5
The Year's Best Science Fiction: Twenty-Ninth Annual Collection,Gardner Dozois,3.94,548,2012,12
The Atonement Child: A Novel (A Heart-Wrenching but Uplifting Contemporary Christian Fiction Novel),Francine Rivers,4.29,"44,230",1997,49
Kingdom of the Blind: thrilling and page-turning crime fiction from the author of the bestselling Inspector Gamache novels,Louise Penny,4.33,"62,255",2018,43
Bright Shards of Someplace Else: Stories (Flannery O'Connor Award for Short Fiction Ser.),Monica McFawn,3.58,128,2014,4
Brief Encounters with the Enemy: Fiction,Said Sayrafiezadeh,3.71,226,2013,12
The Good Inn: an Illustrated Screen Story of Historical Fiction,Black Francis,3.05,242,2014,11
"Literature: Approaches to Fiction, Poetry, and Drama",Robert DiYanni,3.76,162,2003,14
The Year's Best Science Fiction: Twenty-Ninth Annual Collection,Gardner Dozois,3.94,548,2012,12
"Selections from Fragile Things, Volume One: 4 Short Fictions and Wonders",Neil Gaiman,4.03,217,2009,7
Fiction Unboxed,Johnny B. Truant,4.07,344,2014,2
Hard Sentences: Crime Fiction Inspired by Alcatraz,David James Keaton,4.35,23,0,2
The Writer's Guide to Weapons: A Practical Reference for Using Firearms and Knives in Fiction,Benjamin Sobieck,4.30,136,2014,4
Kingdom of the Blind: thrilling and page-turning crime fiction from the author of the bestselling Inspector Gamache novels,Louise Penny,4.33,"62,255",2018,43
Postmodern American Fiction: A Norton Anthology,Paula Geyh,3.89,219,1997,5
Bright Shards of Someplace Else: Stories (Flannery O'Connor Award for Short Fiction Ser.),Monica McFawn,3.58,128,2014,4
"Quicksilver & Shadow: Collected Early Stories, Vol. 2: Contempory, Dark Fantasy, and Science Fiction Stories.",Charles de Lint,4.05,232,2005,1
"Rethinking Our Past: Recognizing Facts, Fictions, And Lies In American History",James W. Loewen,4.09,175,2004,5
The Way It Wasn't: Great Science Fiction Stories of Alternate History,Martin H. Greenberg,3.52,165,1996,5
The Writing Book: A Workbook for Fiction Writers,Kate Grenville,3.81,232,1993,8
"The Very Best of Fantasy & Science Fiction, Volume 2",Gordon van Gelder,3.90,176,2014,9
Brief Encounters with the Enemy: Fiction,Said Sayrafiezadeh,3.71,226,2013,12
Pistols and Petticoats: 175 Years of Lady Detectives in Fact and Fiction,Erika Janik,3.52,91,2016,4
Fantastic Mr. Fox,Roald Dahl,4.07,"134,020",1970,169
The Art and Craft of Writing Historical Fiction: Researching and Writing Historical Fiction,James Alexander Thom,3.67,159,2010,11
Cruel Fiction,Wendy Trevino,4.44,185,0,1
Write Characters Your Readers Won't Forget (The Litore Toolkits for Fiction Writers Book 1),Stant Litore,4.33,177,2015,2
The Way It Wasn't: Great Science Fiction Stories of Alternate History,Martin H. Greenberg,3.52,165,1996,5
Pistols and Petticoats: 175 Years of Lady Detectives in Fact and Fiction,Erika Janik,3.52,91,2016,4
"The Very Best of Fantasy & Science Fiction, Volume 2",Gordon van Gelder,3.90,176,2014,9
The Year's Top Hard Science Fiction Stories,Allan Kaster,3.95,223,0,4
Metafiction: The Theory and Practice of Self-Conscious Fiction,Patricia Waugh,3.92,236,1984,21
House of Trelawney: Shortlisted for the Bollinger Everyman Wodehouse Prize For Comic Fiction,Hannah Rothschild,3.58,"4,279",2020,8
The Wicked Boy: Shortlisted for the CWA Gold Dagger for Non-Fiction 2017,Kate Summerscale,3.48,"6,176",2016,26
"Asimov's Science Fiction, November/December 2017",Sheila Williams,3.47,311,2017,3
Shine: An Anthology of Optimistic Science Fiction,Jetse de Vries,3.36,187,2010,5
Blood Thirst: 100 Years of Vampire Fiction,Richard Matheson,3.98,176,1997,8
"I, Horatio: A Novel of Historical Fiction",Donald A. Tortorice,3.89,38,2014,5
Classic Tales of Science Fiction & Fantasy,Jules Verne,4.03,75,0,4
Great Classic Science Fiction,H.G. Wells,3.43,462,2010,6
How to Write Best-Selling Fiction,James Scott Bell,4.37,350,0,3
Hard Coins: Fantasy Adventure Fiction (Genuine Fringe part 1),Vincent R. Hagman,3.75,4,0,1
The Year's Top Hard Science Fiction Stories,Allan Kaster,3.95,223,0,4
Get Started in Writing Young Adult Fiction,Juliet Mushens,4.49,118,2015,4
Savage Species,Jonathan Janz,3.93,427,2013,11
The Year's Best Science Fiction: Thirty-Second Annual Collection,Gardner Dozois,4.05,441,2015,8
"The Decadent Reader: Fiction, Fantasy, and Perversion from Fin-de-Siècle France",Asti Hustvedt,4.44,97,1998,2
The Fiction of Fact-Finding: Modi and Godhra,Manoj Mitta,4.05,186,2014,4
Classic Tales of Science Fiction & Fantasy,Jules Verne,4.03,75,0,4
Wolf Land,Jonathan Janz,4.06,420,2015,12
"Quicksilver & Shadow: Collected Early Stories, Vol. 2: Contempory, Dark Fantasy, and Science Fiction Stories.",Charles de Lint,4.05,232,2005,1
The Berlin Girl's Diary,Tzvia Golan,4.25,269,0,4
The Mars Anomaly: Hard Science Fiction,Joshua T. Calvert,4.18,247,0,2
Grant Us Mercy: Installment Six: Post-Apocalyptic Survival Fiction,D.C. Little,4.59,220,0,1
The Baghdad Eucharist: A Novel,Sinan Antoon,3.72,"5,324",2012,13
"Man, Oh Man!  Writing M/M Fiction for Kinks & Cash",Josh Lanyon,4.31,361,2008,4
Grant Us Mercy: Installment Six: Post-Apocalyptic Survival Fiction,D.C. Little,4.59,220,0,1
"Asimov's Science Fiction, November/December 2017",Sheila Williams,3.47,311,2017,3
Hard Coins: Fantasy Adventure Fiction (Genuine Fringe part 1),Vincent R. Hagman,3.75,4,0,1
Historical Fact And Fiction,Syed Muhammad Naquib al-Attas,4.50,84,2011,1
40 Erotic Explicit Lesbian Steamy Taboo Short Erotica Stories: First Time Straight to Bi-Sexual Sexy Girls Kissing Adult Collection (Dirty College Girls Age-Gap Seduction Fiction Book 1),Finley Quinn,3.96,45,0,3
Kill Two Demons With One Stone: Paranormal Women's Fiction (Supernatural Midlife Bounty Hunter) (Shrouded Nation Book 11),Brenda  Trim,4.67,286,0,1
Sudden Fiction International: 60 Short-Short Stories,Robert Shapard,3.75,348,1989,11
War of the Worlds and other Science Fiction Classics,H.G. Wells,4.11,238,1979,21
"Futuredaze: An Anthology of YA Science Fiction (Futuredaze, #1)",Erin Underwood,3.68,44,2013,4
Imperium: A Fiction of the South Seas,Christian Kracht,3.69,"3,639",2012,45
Interlopers,Alan Dean Foster,3.32,334,2001,10
Elements: A Collection of Speculative Fiction,Suzanne Church,3.92,36,2014,4
Scars of My Guardian Angel;: Science Fiction & Fantasy Novel (The Portal Series Book 1),Russell L.  Martin,4.52,143,2018,1
40 Erotic Explicit Lesbian Steamy Taboo Short Erotica Stories: First Time Straight to Bi-Sexual Sexy Girls Kissing Adult Collection (Dirty College Girls Age-Gap Seduction Fiction Book 1),Finley Quinn,3.96,45,0,3
The Science Fiction Century,David G. Hartwell,3.97,160,1997,4
The Short Fiction of Flann O'Brien,Flann O'Brien,3.90,194,2013,3
"A Texas Virgin and a Savage Millionaire 3 : The Finale, An Urban Fiction Hood Romance",Vee Bryant,4.70,181,0,1
The Year's Best Science Fiction: Thirty-First Annual Collection,Gardner Dozois,3.94,440,2014,10
The Shub-Niggurath Cycle: Tales of the Black Goat with a Thousand Young,Robert M. Price,3.97,231,1994,2
Ultimatum or Dinners with Saul: Contemporary Jewish immigrants political philosophical fiction novel,Michael Veletsky,4.42,45,0,5
The Stories: Five Years of Original Fiction on Tor.com,Gregory Benford,3.80,66,2013,1
The Secrets to Creating Character Arcs: A Fiction Writer's Guide to Masterful Character Creation,John S. Warner,4.13,108,0,3
The Mark on the Wall and Other Short Fiction,Virginia Woolf,3.61,710,2009,12
"Sapphire Skies: A thrilling love story from the bestselling historical fiction author of THE MYSTERY WOMAN, for readers of Mandy Robotham, Fiona McIntosh and Kirsty Manning",Belinda Alexandra,4.22,"2,305",2014,23
Desire and Domestic Fiction: A Political History of the Novel,Nancy Armstrong,3.89,186,1987,11
The Reincarnated Giant: An Anthology of Twenty-First-Century Chinese Science Fiction,Mingwei Song,3.69,58,2017,1
Wandering Stars: An Anthology of Jewish Fantasy and Science Fiction,Jack Dann,3.72,222,1974,15
I'm Just Tryin' To Be Somebody's Wife: A Love Story: A Standalone Women's Fiction,Cole Hart,4.45,174,0,3
Sudden Fiction International: 60 Short-Short Stories,Robert Shapard,3.75,348,1989,11
50 Mistakes of the Fledgling Fiction Writer,Ian M. Pindar,4.17,12,2014,3
